study,identifier,bib_key,status
"Alavi 2015","10.15171/ijoem.2015.492","Alavi2015",MATCHED
"Garbarino 2015","10.1371/journal.pone.0144318","Garbarino2015",MATCHED
"Kuwahara 2016","10.1007/s12020-016-0911-z","Kuwahara2016",MATCHED
"Ko 2016","10.1589/jpts.28.3041","Ko2016",MATCHED
"SedentaryWorkers 2017","PMID 28742767","Browne2017",MATCHED
"Yamaguchi 2018","10.1539/joh.2017-0298-OA","Yamaguchi2018",MATCHED
"Haufe 2019","10.1016/S2468-2667(19)30075-1","Haufe2019",MATCHED
"Appiah 2020","10.11604/pamj.2020.36.136.16861","Appiah2020",MATCHED
"Aboma 2020","10.2147/DMSO.S283270","Motuma2020",MATCHED
"Jovanovic 2020","10.2478/aiht-2020-71-3379","Jovanovic2020",MATCHED
"vanZon 2020","10.1136/bmjdrc-2020-001436","vanZon2020Occupational",MATCHED
"vanZon 2021","10.1016/j.ssmph.2021.100881","Runge2021Metabolic",MATCHED
"Eftekhari 2021","10.1007/s40200-021-00748-9","Eftekhari2021",MATCHED
"Apprey 2022","10.1108/NFS-08-2021-0250","Apprey2022",MATCHED
"Zhang 2024","10.1186/s12889-024-18305-3","Zhang2024",MATCHED
"Sharifi 2025","10.34172/aim.33193","Sharifi2025",MATCHED
"Ma 2025","10.6133/apjcn.202512_34(6).0006","Ma2025",MATCHED
"dosReis 2026","10.20945/2359-4292-2026-0047","dosReis2026",MATCHED
"Petek 2026","10.1097/JOM.0000000000003775","Petek2026",MATCHED
"ReinosoBarbero 2026","10.1016/j.arteri.2026.500945","ReinosoBarbero2026",MATCHED
"AyeltigahHealthcare 2026","10.1186/s41043-026-01344-4","Ayeltigah2026Healthcare",MATCHED
"AyeltigahUniversity 2026","10.1002/hsr2.72986","Ayeltigah2026University",MATCHED
"AyeltigahMilitary 2026","10.1136/bmjopen-2025-109662","Ayeltigah2026Military",MATCHED
"Earnest 2015","10.1089/met.2015.0075","Earnest2015",MATCHED
"KimDietary 2016","10.5720/kjcn.2016.21.3.237","Kim2016Dietary",MATCHED
"Ryu 2017","10.3390/ijerph14080878","Ryu2017",MATCHED
"So 2025","10.1093/occmed/kqaf079","So2025",MATCHED
"Bogale 2025","10.1038/s41598-025-22962-8","Bogale2025",MATCHED
"KimBEST 2015","10.1016/j.pec.2014.10.013","Kim2015Internet",MATCHED
"Choi 2017","10.1089/acm.2017.0057","Choi2017",MATCHED
"LinTaiwan 2017","PMID 29061986","Huang2017Taiwan",MATCHED
"Tsai 2018","10.1080/10803548.2018.1438839","Fang2019",MATCHED
"Gerber 2020","PMID 32722703","Schilling2020",MATCHED
"RemotePA 2024","10.1016/j.anr.2024.01.006","ParkHwang2024",MATCHED
