citation_key,first_author,year,title,doi_or_id
Alavi2015,Alavi,2015,Metabolic syndrome: a common problem among office workers,10.15171/ijoem.2015.492
Garbarino2015,Garbarino,2015,Work stress and metabolic syndrome in police officers. A prospective study,10.1371/journal.pone.0144318
Kuwahara2016,Kuwahara,2016,"Leisure-time exercise, physical activity during work and commuting, and risk of metabolic syndrome",10.1007/s12020-016-0911-z
Ko2016,Ko,2016,The relationship between physical activity levels and metabolic syndrome in male white-collar workers,10.1589/jpts.28.3041
SedentaryWorkers2017,SedentaryWorkers,2017,Sedentary Occupation Workers Who Meet the Physical Activity Recommendations Have a Reduced Risk for Metabolic Syndrome,PMID 28742767
Yamaguchi2018,Yamaguchi,2018,The association of work-related stressors and their changes over time with the development of metabolic syndrome: The Furukawa Nutrition and Health Study,10.1539/joh.2017-0298-OA
Haufe2019,Haufe,2019,"Telemonitoring-supported exercise training, metabolic syndrome severity, and work ability in company employees: a randomised controlled trial",10.1016/S2468-2667(19)30075-1
Appiah2020,Appiah,2020,Prevalence and lifestyle-associated risk factors of metabolic syndrome among commercial motor vehicle drivers in a metropolitan city in Ghana,10.11604/pamj.2020.36.136.16861
Aboma2020,Aboma,2020,Metabolic syndrome among working adults in eastern Ethiopia,10.2147/DMSO.S283270
Jovanovic2020,Jovanovic,2020,The influence of specific aspects of occupational stress on security guards' health and work ability,10.2478/aiht-2020-71-3379
vanZon2020Occupational,vanZon,2020,Occupational distribution of metabolic syndrome prevalence and incidence differs by sex and is not explained by age and health behavior,10.1136/bmjdrc-2020-001436
Runge2021Metabolic,vanZon,2021,Metabolic syndrome incidence in an aging workforce: Occupational differences and the role of health behaviors,10.1016/j.ssmph.2021.100881
Eftekhari2021,Eftekhari,2021,The association between job stress and metabolic syndrome among medical university staff,10.1007/s40200-021-00748-9
Apprey2022,Apprey,2022,Dietary intake and prevalence of metabolic syndrome among tanker truck drivers in Ghana,10.1108/NFS-08-2021-0250
Zhang2024,Zhang,2024,Correlation analysis between occupational stress and metabolic syndrome in workers of a petrochemical enterprise: based on two assessment models of occupational stress,10.1186/s12889-024-18305-3
Sharifi2025,Sharifi,2025,Association Between Adequacy and Moderation of Quality of Diet with Metabolic Syndrome Parameters Among Iranian Health Workers Based on the Baseline Data of Employees Health Cohort Study,10.34172/aim.33193
Ma2025,Ma,2025,Effectiveness of a canteen-based dietary intervention for metabolic syndrome in occupational men: A randomized controlled trial,10.6133/apjcn.202512_34(6).0006
dosReis2026,dosReis,2026,Dietary pattern and night work: metabolic syndrome in healthcare workers,10.20945/2359-4292-2026-0047
Petek2026,Petek,2026,Prevalence and Factors Associated with Metabolic Syndrome Among Heavy Industry Workers: A Cross-Sectional Study,10.1097/JOM.0000000000003775
ReinosoBarbero2026,ReinosoBarbero,2026,Association between adherence to the Mediterranean diet and metabolic syndrome in workers at a multinational company in Madrid,10.1016/j.arteri.2026.500945
Ayeltigah2026Healthcare,AyeltigahHealthcare,2026,"Work stress, dietary patterns, and physical activity on metabolic and hepatic biomarkers among healthcare professionals in Ghana",10.1186/s41043-026-01344-4
Ayeltigah2026University,AyeltigahUniversity,2026,"Association Between Dietary Patterns, Work Stress, Physical Activity, and Cardiometabolic Markers Among University Workers in Ghana",10.1002/hsr2.72986
Ayeltigah2026Military,AyeltigahMilitary,2026,"Work stress, dietary patterns and metabolic syndrome among military personnel in Ghana: a cross-sectional study",10.1136/bmjopen-2025-109662
Earnest2015,Earnest,2015,Evaluation of a Voluntary Worksite Weight Loss Program on Metabolic Syndrome,10.1089/met.2015.0075
Kim2016Dietary,KimDietary,2016,Effect of a Worksite-based Dietary Intervention Program for the Management of Metabolic Syndrome,10.5720/kjcn.2016.21.3.237
Ryu2017,Ryu,2017,Program Development and Effectiveness of Workplace Health Promotion Program for Preventing Metabolic Syndrome among Office Workers,10.3390/ijerph14080878
So2025,So,2025,Web-based high-intensity interval training with calorie restriction for workplace metabolic-syndrome,10.1093/occmed/kqaf079
Bogale2025,Bogale,2025,"A healthy lifestyle education intervention for metabolic syndrome risk reduction among office workers in Ethiopia: a single-blind, randomised controlled trial",10.1038/s41598-025-22962-8
Kim2015Internet,KimBEST,2015,Effects of an internet-based lifestyle intervention on cardio-metabolic risks and stress in Korean workers with metabolic syndrome: a controlled trial,10.1016/j.pec.2014.10.013
Choi2017,Choi,2017,"Effects of a T'ai Chi-Based Health Promotion Program on Metabolic Syndrome Markers, Health Behaviors, and Quality of Life in Middle-Aged Male Office Workers: A Randomized Trial",10.1089/acm.2017.0057
Lin2017Taiwan,LinTaiwan,2017,"Relationships between occupational, leisure-time and commuting physical activity and metabolic syndrome among Taiwanese workers",PMID 29061986
Tsai2018,Tsai,2018,"Effectiveness of a physical activity program on weight, physical fitness, occupational stress, job satisfaction and quality of life of overweight employees in high-tech industries: a randomized controlled study",10.1080/10803548.2018.1438839
Gerber2020,Gerber,2020,Stress-buffering effects of physical activity and cardiorespiratory fitness on metabolic syndrome in police officers,PMID 32722703
RemotePA2024,RemotePA,2024,Effects of a Remote Physical Activity Improvement Program on Male Office Workers with Metabolic Syndrome in Their 30s and 40s with Sedentary Behavior: A Randomized Controlled Trial,10.1016/j.anr.2024.01.006
