study_id,study,year,provisional_design,appraisal_tool,design_status,notes
1,Alavi et al.,2015,Analytical cross-sectional,JBI Analytical Cross-sectional,Provisional,"Office-worker MetS prevalence/associations"
2,Garbarino & Magnavita,2015,Prospective cohort,JBI Cohort,Confirmed,"Police officers followed prospectively for work stress and MetS"
3,Kuwahara et al.,2016,Prospective cohort,JBI Cohort,Confirmed,"Worker physical activity exposures and incident MetS"
4,Ko et al.,2016,Analytical cross-sectional,JBI Analytical Cross-sectional,Provisional,"Physical activity levels and MetS among male white-collar workers"
5,Sedentary occupation workers study,2017,Analytical cross-sectional,JBI Analytical Cross-sectional,Provisional,"Physical activity recommendations and MetS risk"
6,Yamaguchi et al.,2018,Prospective cohort,JBI Cohort,Confirmed,"Changes in work-related stressors and incident MetS"
7,Haufe et al.,2019,Randomized controlled trial,JBI Randomized Controlled Trial,Confirmed,"Telemonitoring-supported exercise trial in company employees"
8,Appiah et al.,2020,Analytical cross-sectional,JBI Analytical Cross-sectional,Confirmed,"Ghanaian commercial drivers; prevalence and lifestyle-associated factors"
9,Motuma/Aboma et al.,2020,Analytical cross-sectional,JBI Analytical Cross-sectional,Provisional,"Working adults in eastern Ethiopia"
10,Jovanovic et al.,2020,Analytical cross-sectional,JBI Analytical Cross-sectional,Provisional,"Occupational stress and health/metabolic outcomes in security guards"
11,van Zon et al.,2020,Cohort/longitudinal observational,JBI Cohort,Confirmed,"Lifelines occupational MetS prevalence/incidence report"
12,Runge et al.,2021,Prospective cohort,JBI Cohort,Confirmed,"Lifelines aging workforce incidence study; overlapping cohort with van Zon 2020"
13,Eftekhari et al.,2021,Analytical cross-sectional,JBI Analytical Cross-sectional,Provisional,"Job stress and MetS among medical university staff"
14,Apprey et al.,2022,Analytical cross-sectional,JBI Analytical Cross-sectional,Provisional,"Dietary intake and MetS among Ghanaian tanker drivers"
15,Zhang et al.,2024,Analytical cross-sectional,JBI Analytical Cross-sectional,Confirmed,"Occupational stress and MetS in petrochemical workers"
16,Sharifi et al.,2025,Analytical cross-sectional,JBI Analytical Cross-sectional,Confirmed,"Baseline cohort data used cross-sectionally for diet quality and MetS parameters"
17,Ma et al.,2025,Randomized controlled trial,JBI Randomized Controlled Trial,Confirmed,"Canteen-based dietary RCT in occupational men"
18,dos Reis et al.,2026,Analytical cross-sectional,JBI Analytical Cross-sectional,Provisional,"Night work/diet and MetS among healthcare workers"
19,Petek & Karabudak,2026,Analytical cross-sectional,JBI Analytical Cross-sectional,Confirmed,"Heavy-industry worker cross-sectional study"
20,Reinoso-Barbero et al.,2026,Analytical cross-sectional,JBI Analytical Cross-sectional,Provisional,"Mediterranean diet adherence and MetS in multinational-company workers"
21,Ayeltigah et al. healthcare professionals,2026,Analytical cross-sectional,JBI Analytical Cross-sectional,Provisional,"Stress/diet/activity and metabolic outcomes among healthcare professionals"
22,Ayeltigah et al. university workers,2026,Analytical cross-sectional,JBI Analytical Cross-sectional,Provisional,"Stress/diet/activity and cardiometabolic markers among university workers"
23,Ayeltigah et al. military personnel,2026,Analytical cross-sectional,JBI Analytical Cross-sectional,Confirmed,"Cross-sectional military personnel study"
24,Earnest & Church,2015,Quasi-experimental pre-post,JBI Quasi-Experimental,Confirmed,"Voluntary 10-week worksite weight-loss program; no randomized comparator"
25,Kim et al. worksite dietary intervention,2016,Quasi-experimental pre-post,JBI Quasi-Experimental,Confirmed,"10-week dietary intervention; pre/post MetS components; nonrandomized"
26,Ryu et al.,2017,Quasi-experimental pre-post,JBI Quasi-Experimental,Confirmed,"Authors explicitly describe quasi-experimental pre-test/post-test design"
27,So et al.,2025,Quasi-experimental single-group longitudinal,JBI Quasi-Experimental,Confirmed,"Non-randomized single-intervention workplace HIIT + calorie restriction"
28,Bogale et al.,2025,Randomized controlled trial,JBI Randomized Controlled Trial,Confirmed,"Single-blind randomized healthy-lifestyle education trial in office workers"
