first_author,year,title,workplace_population,exposure_domain,metabolic_outcome,preliminary_status,doi_or_id
Alavi,2015,"Metabolic syndrome: a common problem among office workers","Office workers","Lifestyle / occupational factors","Metabolic syndrome prevalence","Include candidate","10.15171/ijoem.2015.492"
Garbarino,2015,"Work stress and metabolic syndrome in police officers. A prospective study","Police officers","Work stress","Metabolic syndrome","Include candidate","10.1371/journal.pone.0144318"
Kuwahara,2016,"Leisure-time exercise, physical activity during work and commuting, and risk of metabolic syndrome","Japanese workers","Physical activity","Incident metabolic syndrome","Include candidate","10.1007/s12020-016-0911-z"
Kim,2016,"The relationship between physical activity levels and metabolic syndrome in male white-collar workers","Male public-office workers","Physical activity","Metabolic syndrome","Include candidate","PMID 27942116"
SedentaryWorkers,2017,"Sedentary Occupation Workers Who Meet the Physical Activity Recommendations Have a Reduced Risk for Metabolic Syndrome","Sedentary occupation workers","Physical activity","Metabolic syndrome","Include candidate","PMID 28742767"
Jovanovic,2020,"The influence of specific aspects of occupational stress on security guards' health and work ability","Security guards","Occupational stress","Metabolic/cardiometabolic outcomes","Include candidate","10.2478/aiht-2020-71-3379"
Appiah,2020,"Prevalence and lifestyle-associated risk factors of metabolic syndrome among commercial motor vehicle drivers in a metropolitan city in Ghana","Commercial taxi drivers","Lifestyle / sedentary work / dietary habits","Metabolic syndrome","Include candidate","10.11604/pamj.2020.36.136.16861"
Aboma,2020,"Metabolic syndrome among working adults in eastern Ethiopia","Working adults","Lifestyle factors","Metabolic syndrome","Include candidate","PMID/DOI to verify"
vanZon,2020,"Occupational distribution of metabolic syndrome prevalence and incidence differs by sex and is not explained by age and health behavior","Dutch workers","Occupation and health behaviours","Metabolic syndrome prevalence/incidence","Include candidate","10.1136/bmjdrc-2019-001242"
vanZon,2021,"Metabolic syndrome incidence in an aging workforce: Occupational differences and the role of health behaviors","Older workers","Occupation / diet / physical activity / smoking","Incident metabolic syndrome","Include candidate","PMID 34401460"
VolkswagenTrial,2019,"Telemonitoring-supported exercise training, metabolic syndrome severity, and work ability in company employees: a randomised controlled trial","Company employees","Exercise","Metabolic syndrome severity","Include candidate","PMID 31204284"
PetrochemicalStress,2024,"Correlation analysis between occupational stress and metabolic syndrome in workers of a petrochemical enterprise","Petrochemical workers","Occupational stress","Metabolic syndrome and components","Include candidate","PMID 38486274"
Sharifi,2025,"Association Between Adequacy and Moderation of Quality of Diet with Metabolic Syndrome Parameters Among Iranian Health Workers","Health workers","Diet quality","Metabolic syndrome / components","Include candidate","10.34172/aim.33193"
CanteenRCT,2025,"Effectiveness of a canteen-based dietary intervention for metabolic syndrome in occupational men: A randomized controlled trial","Occupational men","Dietary intervention","Metabolic syndrome","Include candidate","PMID 41338950"
Petek,2026,"Prevalence and Factors Associated with Metabolic Syndrome Among Heavy Industry Workers","Heavy-industry workers","Diet / nutritional status","Metabolic syndrome","Include candidate","10.1097/JOM.0000000000003775"
DosReis,2026,"Dietary pattern and night work: metabolic syndrome in healthcare workers","Healthcare workers","Night work / diet","Metabolic syndrome","Include candidate","10.20945/2359-4292-2026-0047"
ReinosoBarbero,2026,"Association between adherence to the Mediterranean diet and metabolic syndrome in workers at a multinational company in Madrid","Multinational-company workers","Mediterranean diet","Metabolic syndrome","Include candidate","10.1016/j.arteri.2026.500945"
AyeltigahHealthcare,2026,"Work stress, dietary patterns, and physical activity on metabolic and hepatic biomarkers among healthcare professionals in Ghana","Healthcare professionals","Stress / diet / physical activity","MetS and metabolic biomarkers","Include candidate","10.1186/s41043-026-01344-4"
AyeltigahUniversity,2026,"Association Between Dietary Patterns, Work Stress, Physical Activity, and Cardiometabolic Markers Among University Workers in Ghana","University workers","Stress / diet / physical activity","Cardiometabolic markers","Include candidate","10.1002/hsr2.72986"
AyeltigahMilitary,2026,"Work stress, dietary patterns and metabolic syndrome among military personnel in Ghana","Military personnel","Work stress / diet","Metabolic syndrome","Include candidate","PMID 42575550"
