study,year,design,domain,sample_or_followup,key_effect,key_effect_estimate,interpretation,source_status
"Haufe et al.",2019,RCT,"Physical activity intervention","314 Volkswagen employees; 6 months","Change in MetS severity Z score","Between-group difference -0.26 (95% CI -0.35 to -0.16); p<0.0001","Telemonitoring-supported exercise reduced MetS severity","Verified from PubMed abstract"
"Garbarino & Magnavita",2015,Prospective cohort,"Occupational stress","234 police officers completed 5-year follow-up","Incident MetS with high work stress","aOR 2.68 (95% CI 1.08-6.70)","Higher work stress predicted incident MetS","Verified from PubMed abstract"
"Kuwahara et al.",2016,Prospective cohort,"Physical activity","22,383 workers; mean 4.1 years; 5,361 incident MetS cases","Mixed moderate+vigorous leisure exercise vs none","HR 0.74 (95% CI 0.62-0.89) for 7.5 to <16.5 MET-h/week; HR 0.81 (0.69-0.96) for >=16.5","Higher-intensity mixed leisure exercise associated with lower MetS incidence; commuting walking not associated","Verified from PubMed abstract"
"Yamaguchi et al.",2018,Prospective cohort,"Occupational stress","1,040 manufacturing workers; 3 years; 61 incident MetS cases","Job demands changing low to high vs persistently low","aOR 3.27 (95% CI 1.46-7.34)","Increasing job demands over time associated with higher incident MetS","Verified from PubMed abstract"
"van Zon et al.",2020,Cohort,"Occupation/lifestyle","74,857 Dutch workers; median 3.8 years","Highest occupational risks","Men stationary plant/machine operators HR 1.94 (95% CI 1.26-3.00); women food-preparation assistants HR 1.80 (1.01-3.22)","MetS risk differed materially by occupation and sex","Verified from PubMed abstract"
"Runge et al.",2021,Prospective cohort,"Occupation/health behaviours","34,834 workers aged 45-65","Low-skilled groups vs high-skilled white-collar","Low-skilled white-collar OR 1.24 (95% CI 1.12-1.37); low-skilled blue-collar OR 1.37 (1.18-1.59)","Older low-skilled workers had higher incident MetS; health behaviours explained part of differences","Verified from PubMed abstract"
"Taiwanese workers study",2017,Analytical cross-sectional,"Physical activity","Workers; MetS prevalence 16.6%","High vs low leisure-time PA","OR 0.76 (95% CI 0.62-0.95) for MetS","Higher leisure-time PA associated with lower MetS odds; commuting PA not associated","Verified from PubMed abstract"
"Gerber et al.",2020,Prospective study,"Stress/fitness/activity","97 police officers; 1 year","Cardiorespiratory fitness predicting MetS risk","beta -0.38","Higher fitness predicted lower follow-up MetS risk; no main effect for PA or work stress","Verified from PubMed abstract"
"Bogale et al.",2025,Cluster RCT,"Multicomponent lifestyle education","226 screened bank employees; 207 analyzed; 9 months","Changes in MetS risk factors","Waist -5.33 cm; SBP -6.96 mmHg; DBP -4.21 mmHg; total cholesterol -34.12 mg/dL; LDL -20.68 mg/dL; all p<0.0001","Workplace lifestyle education improved several MetS risk factors","Verified from PubMed abstract"
"Ma et al.",2025,RCT,"Dietary intervention","321 occupational men; 6 months","Intervention vs control changes","FBG beta -0.72 p=0.010; TC -1.49 p<0.001; LDL-C -0.65 p<0.001; WC -7.73 p<0.001; BMI -2.01 p<0.001; HDL-C +0.13 p<0.001","Canteen-based healthy lunch plus advice improved several MetS components","Verified from PubMed abstract"
"Ayeltigah et al. university workers",2026,Cross-sectional,"Diet/stress/activity","94 university workers","High-protein dietary pattern and hypertension","aOR 1.869 (95% CI 1.011-3.455); p=0.046","Diet pattern associated with blood pressure; stress and PA not significantly associated with markers","Verified from PubMed abstract"
"Ayeltigah et al. military personnel",2026,Cross-sectional,"Stress/diet/activity","390 military personnel","Job Content Questionnaire stress and MetS","OR 6.472 (95% CI 1.535-27.292); p=0.011","Work stress associated with higher MetS odds; dietary-pattern findings were mixed/unexpected","Verified from PubMed abstract"
"Ayeltigah et al. healthcare professionals",2026,Cross-sectional,"Diet/stress/activity","119 healthcare professionals","MetS prevalence and western diet","MetS prevalence 11.0%; western diet significantly associated with abdominal obesity","Dietary pattern showed clearer association than stress/activity in this sample","Verified from PubMed abstract"
