id,first_author,year,title,journal,doi,eligibility_note
1,Jahangiry,2017,"An interactive web-based intervention on nutritional status, physical activity and health-related quality of life in patient with metabolic syndrome: a randomized controlled trial (The Red Ruby Study)","Nutrition & Diabetes","10.1038/nutd.2017.12","Verify workplace/context eligibility"
2,Montemayor,2022,"Effect of dietary and lifestyle interventions on the amelioration of NAFLD in patients with metabolic syndrome: The FLIPAN study","Nutrients","10.3390/nu14183693","Verify workplace/context eligibility"
3,Normandin,2017,"Effect of resistance training and caloric restriction on the metabolic syndrome","Medicine & Science in Sports & Exercise","10.1249/MSS.0000000000001112","Verify workplace/context eligibility"
4,Botoseneanu,2017,"Effect of metabolic syndrome on the mobility benefit of a structured physical activity intervention—The lifestyle interventions and independence for elders randomized clinical trial","Journal of the American Geriatrics Society","10.1111/jgs.14812","Verify working-age/context eligibility"
5,Byrd,2019,"Personalized moderate-intensity exercise training combined with high-intensity interval training enhances training responsiveness","International Journal of Environmental Research and Public Health","10.3390/ijerph16122088","Verify workplace/context eligibility"
6,Candás-Estébanez,2024,"The impact of the Mediterranean diet and lifestyle intervention on lipoprotein subclass profiles among metabolic syndrome patients: Findings of a randomized controlled trial","International Journal of Molecular Sciences","10.3390/ijms25031836","Verify workplace/context eligibility"
7,Chang,2021,"Effects of exercise intervention on mitochondrial stress biomarkers in metabolic syndrome patients: A randomized controlled trial","International Journal of Environmental Research and Public Health","10.3390/ijerph18115577","Verify workplace/context eligibility"
8,Folope,2022,"Evaluation of a supervised adapted physical activity program associated or not with oral supplementation with arginine and leucine in subjects with obesity and metabolic syndrome: A randomized controlled trial","Nutrients","10.3390/nu14030690","Verify workplace/context eligibility"
9,Garthwaite,2022,"Effects of reduced sedentary time on cardiometabolic health in adults with metabolic syndrome: A three-month randomized controlled trial","Journal of Science and Medicine in Sport","10.1016/j.jsams.2022.05.009","Verify workplace/context eligibility"
10,Gianturco,2020,"Healthy promotion for fighting metabolic syndrome: Insights from multi-center hero-fit cohort","International Journal of Environmental Research and Public Health","10.3390/ijerph17176099","Verify design and workplace/context eligibility"
11,Osella,2018,"Irisin serum levels in metabolic syndrome patients treated with three different diets: A post-hoc analysis from a randomized controlled clinical trial","Nutrients","10.3390/nu10070844","Verify workplace/context eligibility"
12,Bagnato,2024,"Healthy lifestyle changes improve cortisol levels and liver steatosis in MASLD patients: Results from a randomized clinical trial","Nutrients","10.3390/nu16040544","Verify workplace/context eligibility"
13,Reljic,2020,"Low-volume high-intensity interval training improves cardiometabolic health, work ability and well-being in severely obese individuals: A randomized-controlled trial sub-study","Journal of Translational Medicine","10.1186/s12967-020-02481-y","Verify workplace/context eligibility"
14,Kiwata,2017,"A pilot randomised controlled trial of a periodised resistance training and protein supplementation intervention in prostate cancer survivors on androgen deprivation therapy","BMJ Open","10.1136/bmjopen-2017-016910","Verify workplace/context and metabolic-syndrome eligibility"
15,Nilsson,2024,"Obesity and metabolic disease impair the anabolic response to protein supplementation and resistance exercise: A retrospective analysis of a randomized clinical trial with implications for aging, sarcopenic obesity, and weight management","Nutrients","10.3390/nu16040552","Verify workplace/context eligibility"
16,Cuddy,2019,"Reduced exertion high-intensity interval training is more effective at improving cardiorespiratory fitness and cardiometabolic health than traditional moderate-intensity continuous training","International Journal of Environmental Research and Public Health","10.3390/ijerph16030483","Verify workplace/context eligibility"
17,Suarez-Cuenca,2025,"Effect of Mediterranean diet in combination with isokinetic exercise therapy on body composition and cytokine profile in patients with metabolic syndrome","Nutrients","10.3390/nu17010200","Verify search-date and workplace/context eligibility"
18,Zhao,2025,"At-home immersive virtual reality exergames to reduce cardiometabolic risk among office workers: Protocol for a randomized controlled trial","JMIR Research Protocols","10.2196/51123","Protocol conflicts with stated exclusion criteria"
19,Alfawaz,2018,"Effects of different dietary and lifestyle modification therapies on metabolic syndrome in prediabetic Arab patients: A 12-month longitudinal study","Nutrients","10.3390/nu10030383","Verify workplace/context eligibility"
20,Andersen,2021,"Contributions of changes in physical activity, sedentary time, diet and body weight to changes in cardiometabolic risk","International Journal of Behavioral Nutrition and Physical Activity","10.1186/s12966-021-01236-2","Verify workplace/context eligibility"
21,Jovanović,2020,"The influence of specific aspects of occupational stress on security guards’ health and work ability: Detailed extension of a previous study","Arhiv Za Higijenu Rada I Toksikologiju","10.2478/aiht-2020-71-3456","Occupational context apparent; verify metabolic outcome eligibility"
22,Shi,2023,"Association of physical activity and dietary inflammatory index with overweight/obesity in US adults: NHANES 2007–2018","Environmental Health and Preventive Medicine","10.1265/ehpm.22-00243","Verify workplace/context and metabolic-syndrome eligibility"
23,Lindberg,2018,"Effects of office workstation type on physical activity and stress","Occupational and Environmental Medicine","10.1136/oemed-2018-105077","Workplace context apparent; verify metabolic outcome eligibility"
24,Aboma,2020,"Metabolic syndrome among working adults in eastern Ethiopia","Diabetes, Metabolic Syndrome and Obesity: Targets and Therapy","10.2147/DMSO.S257667","Workplace context apparent"
25,Yimam,2024,"Prevalence of diabetes and associated factors among government employees of Mizan-Aman Town and Zonal Sector Office, Bench Sheko Zone, Southwest Ethiopia Region, 2022","Diabetes, Metabolic Syndrome and Obesity: Targets and Therapy","10.2147/DMSO.S443099","Verify metabolic-syndrome outcome eligibility"
26,van Zon,2020,"Occupational distribution of metabolic syndrome prevalence and incidence differs by sex and is not explained by age and health behavior: Results from 75 000 Dutch workers from 40 occupational groups","BMJ Open Diabetes Research & Care","10.1136/bmjdrc-2019-001242","Workplace context apparent"
27,Garbarino,2015,"Work stress and metabolic syndrome in police officers. A prospective study","PLOS ONE","10.1371/journal.pone.0144318","Workplace context apparent"
