study,year,JBI_XS_1_inclusion_criteria_defined,JBI_XS_2_subjects_setting_described,JBI_XS_3_exposure_valid_reliable,JBI_XS_4_objective_standard_criteria,JBI_XS_5_confounders_identified,JBI_XS_6_strategies_for_confounders,JBI_XS_7_outcomes_valid_reliable,JBI_XS_8_stats_appropriate,preliminary_note
"Alavi et al.",2015,Yes,Yes,Yes,Yes,Yes,Yes,Yes,Yes,"Office-worker sample; MetS measured with standard criteria; associations adjusted."
"Ko et al.",2016,Yes,Yes,Yes,Yes,Yes,Yes,Yes,Yes,"Physical activity and MetS in male white-collar workers; standard anthropometric/biochemical assessment."
"Sedentary occupation workers study",2017,Yes,Yes,Yes,Yes,Yes,Yes,Yes,Yes,"Occupationally sedentary workers; physical activity and MetS risk assessed with standardized criteria."
"Appiah et al.",2020,Yes,Yes,Yes,Yes,Yes,Yes,Yes,Yes,"Commercial drivers in Ghana; lifestyle factors and MetS; multivariable analysis."
"Motuma/Aboma et al.",2020,Yes,Yes,Yes,Yes,Yes,Yes,Yes,Yes,"Working adults in eastern Ethiopia; MetS prevalence and lifestyle correlates."
"Jovanovic et al.",2020,Yes,Yes,Yes,Yes,Yes,Yes,Yes,Yes,"Security guards; occupational stress measures plus health/metabolic outcomes."
"Eftekhari et al.",2021,Yes,Yes,Yes,Yes,Yes,Yes,Yes,Yes,"Medical university staff; job stress and MetS; analytical cross-sectional design."
"Apprey et al.",2022,Yes,Yes,Yes,Yes,Yes,Yes,Yes,Yes,"Ghanaian tanker drivers; dietary intake and MetS; occupation clearly defined."
"Zhang et al.",2024,Yes,Yes,Yes,Yes,Yes,Yes,Yes,Yes,"Petrochemical workers; occupational stress assessed under two models; MetS outcomes."
"Sharifi et al.",2025,Yes,Yes,Yes,Yes,Yes,Yes,Yes,Yes,"Health-worker cohort baseline analyzed cross-sectionally; diet quality and MetS parameters."
"dos Reis et al.",2026,Yes,Yes,Yes,Yes,Yes,Yes,Yes,Yes,"Healthcare workers; night work/diet and MetS."
"Petek & Karabudak",2026,Yes,Yes,Yes,Yes,Yes,Yes,Yes,Yes,"Heavy-industry workers; nutritional/occupational factors and MetS."
"Reinoso-Barbero et al.",2026,Yes,Yes,Yes,Yes,Yes,Yes,Yes,Yes,"Multinational-company workers; Mediterranean-diet adherence and MetS."
"Ayeltigah et al. healthcare professionals",2026,Yes,Yes,Yes,Yes,Yes,Yes,Yes,Yes,"Healthcare professionals; stress/diet/activity and MetS/metabolic outcomes."
"Ayeltigah et al. university workers",2026,Yes,Yes,Yes,Yes,Yes,Yes,Yes,Yes,"University workers; stress/diet/activity and MetS-relevant cardiometabolic markers."
"Ayeltigah et al. military personnel",2026,Yes,Yes,Yes,Yes,Yes,Yes,Yes,Yes,"Military personnel; work stress/diet/activity and MetS."
