first_author,year,title,workplace_population,exposure_domain,outcome_domain,design,appraisal_tool,quality_signal,main_caution,sample_or_followup,key_effect_estimate,interpretation,effect_source_status,doi_or_id
Alavi,2015,Metabolic syndrome: a common problem among office workers,Office workers,Lifestyle/occupational factors,Metabolic syndrome prevalence,Analytical cross-sectional,JBI Analytical Cross-sectional,Methodologically serviceable,Cross-sectional temporality,1488 office workers,MetS prevalence 35.9% (95% CI 33.5%-38.3%); lack of leisure-time physical activity p=0.003; low fruit intake p=0.02,High MetS prevalence; inactivity and low fruit intake were associated with MetS,Verified full text,10.15171/ijoem.2015.492
Garbarino,2015,Work stress and metabolic syndrome in police officers. A prospective study,Police officers,Work stress,Metabolic syndrome incidence/components,Prospective cohort,JBI Cohort,Generally strong,Attrition handling needs final confirmation,234 police officers completed 5-year follow-up,aOR 2.68 (95% CI 1.08-6.70),Higher work stress predicted incident MetS,Verified from PubMed abstract,10.1371/journal.pone.0144318
Kuwahara,2016,"Leisure-time exercise, physical activity during work and commuting, and risk of metabolic syndrome",Japanese workers,Physical activity,Incident metabolic syndrome,Prospective cohort,JBI Cohort,Generally strong,Attrition/missing-data handling needs final confirmation,"22,383 workers; mean 4.1 years; 5,361 incident MetS cases",HR 0.74 (95% CI 0.62-0.89) for 7.5 to <16.5 MET-h/week; HR 0.81 (0.69-0.96) for >=16.5,Higher-intensity mixed leisure exercise associated with lower MetS incidence; commuting walking not associated,Verified from PubMed abstract,10.1007/s12020-016-0911-z
Ko,2016,The relationship between physical activity levels and metabolic syndrome in male white-collar workers,Male public-office workers,Physical activity,Metabolic syndrome/components,Analytical cross-sectional,JBI Analytical Cross-sectional,Methodologically serviceable,Cross-sectional temporality,Male white-collar workers,"MetS prevalence 25.2% low PA, 13.9% moderate PA, 9.5% high PA for low-HDL criterion pattern; overall group differences p<0.001 for HDL-related component",Higher physical activity corresponded to lower MetS/component prevalence,Verified full text,10.1589/jpts.28.3041
SedentaryWorkers,2017,Sedentary Occupation Workers Who Meet the Physical Activity Recommendations Have a Reduced Risk for Metabolic Syndrome,Sedentary occupation workers,Physical activity,Metabolic syndrome/components,Analytical cross-sectional,JBI Analytical Cross-sectional,Methodologically serviceable,Cross-sectional temporality,502 sedentary occupation workers,Active vs sedentary: MetS OR 0.52 (95% CI 0.27-0.98); abdominal obesity OR 0.36 (0.16-0.82); elevated BP OR 0.47 (0.26-0.84); low HDL OR 0.54 (0.31-0.93),Meeting PA recommendations was associated with lower MetS and component risk,Verified abstract,PMID 28742767
Yamaguchi,2018,The association of work-related stressors and their changes over time with the development of metabolic syndrome: The Furukawa Nutrition and Health Study,Japanese manufacturing workers,Work-related stress,Incident metabolic syndrome,Prospective cohort,JBI Cohort,Generally strong,Attrition/missing-data handling needs final confirmation,"1,040 manufacturing workers; 3 years; 61 incident MetS cases",aOR 3.27 (95% CI 1.46-7.34),Increasing job demands over time associated with higher incident MetS,Verified from PubMed abstract,10.1539/joh.2017-0298-OA
Haufe,2019,"Telemonitoring-supported exercise training, metabolic syndrome severity, and work ability in company employees: a randomised controlled trial",Volkswagen company employees,Exercise,Metabolic syndrome severity,Randomized controlled trial,JBI Randomized Controlled Trial,Generally strong,Allocation concealment/attrition details need final confirmation,314 Volkswagen employees; 6 months,Between-group difference -0.26 (95% CI -0.35 to -0.16); p<0.0001,Telemonitoring-supported exercise reduced MetS severity,Verified from PubMed abstract,10.1016/S2468-2667(19)30075-1
Appiah,2020,Prevalence and lifestyle-associated risk factors of metabolic syndrome among commercial motor vehicle drivers in a metropolitan city in Ghana,Commercial taxi drivers,Diet/lifestyle/physical inactivity,Metabolic syndrome,Analytical cross-sectional,JBI Analytical Cross-sectional,Methodologically serviceable,Cross-sectional temporality,,MetS prevalence 5%; tobacco use R=0.405 p=0.041; time of supper R=0.931 p=0.047,MetS prevalence was low but selected lifestyle practices were associated with MetS,Source extraction completed,10.11604/pamj.2020.36.136.16861
Aboma,2020,Metabolic syndrome among working adults in eastern Ethiopia,Working adults,Lifestyle/diet/sedentary behaviour,Metabolic syndrome,Analytical cross-sectional,JBI Analytical Cross-sectional,Methodologically serviceable,Cross-sectional temporality,"1,164 working adults",Sedentary >=8 h: APR 2.29 (95% CI 1.88-2.80); >=5 fruit/veg servings: APR 0.04 (0.01-0.27),Sedentary time associated with higher MetS prevalence; high fruit/vegetable intake with lower prevalence,Verified from PubMed/full text,10.2147/DMSO.S283270
Jovanovic,2020,The influence of specific aspects of occupational stress on security guards' health and work ability,Security guards,Occupational stress,Metabolic/cardiometabolic outcomes,Analytical cross-sectional,JBI Analytical Cross-sectional,Generally strong,Missing-data strategy needs final confirmation; overlaps Lifelines cohort,399 male security guards,"Higher professional stressors positively predicted fasting glucose, triglycerides, total/LDL cholesterol, blood pressure and cardiovascular risk after adjustment",Specific occupational stressors were associated with adverse metabolic and cardiovascular markers,Verified abstract,10.2478/aiht-2020-71-3379
vanZon,2020,Occupational distribution of metabolic syndrome prevalence and incidence differs by sex and is not explained by age and health behavior,Dutch workers across occupational groups,Occupation/physical activity/diet,Metabolic syndrome prevalence/incidence,Cohort/longitudinal observational,JBI Cohort,Generally strong,Missing-data strategy needs final confirmation; overlaps Lifelines cohort,"74,857 Dutch workers; median 3.8 years",Men stationary plant/machine operators HR 1.94 (95% CI 1.26-3.00); women food-preparation assistants HR 1.80 (1.01-3.22),MetS risk differed by occupation and sex,Verified from PubMed abstract,10.1136/bmjdrc-2020-001436
vanZon,2021,Metabolic syndrome incidence in an aging workforce: Occupational differences and the role of health behaviors,Older workers,Diet/physical activity/health behaviours,Incident metabolic syndrome,Prospective cohort,JBI Cohort,Generally strong,Attrition handling needs final confirmation; overlaps Lifelines cohort,"34,834 workers aged 45-65",Low-skilled white-collar OR 1.24 (95% CI 1.12-1.37); low-skilled blue-collar OR 1.37 (1.18-1.59),Older low-skilled workers had higher incident MetS; behaviours explained part of differences,Verified from PubMed abstract,10.1016/j.ssmph.2021.100881
Eftekhari,2021,The association between job stress and metabolic syndrome among medical university staff,Medical university staff,Job stress,Metabolic syndrome/components,Analytical cross-sectional,JBI Analytical Cross-sectional,Methodologically serviceable,Cross-sectional temporality,Medical university staff,Office workers OR 1.51 (95% CI 1.25-1.82); service personnel OR 1.74 (1.41-2.14) vs clinical staff,MetS prevalence varied by employment category; psychosocial well-being was poorer with MetS,Verified from PubMed/full text,10.1007/s40200-021-00748-9
Apprey,2022,Dietary intake and prevalence of metabolic syndrome among tanker truck drivers in Ghana,Fuel tanker drivers,Dietary intake,Metabolic syndrome,Analytical cross-sectional,JBI Analytical Cross-sectional,Methodologically serviceable,Cross-sectional temporality,212 Ghanaian fuel tanker drivers,MetS 19.6%; age OR 1.3 p=0.04; HbA1c OR 9.6 p=0.004; SBP OR 1.2 p=0.01; service years OR 0.8 p=0.01,MetS was common among tanker drivers; diet quality/energy inadequacy was notable,Verified from Emerald abstract,10.1108/NFS-08-2021-0250
Zhang,2024,Correlation analysis between occupational stress and metabolic syndrome in workers of a petrochemical enterprise: based on two assessment models of occupational stress,Petrochemical workers,Occupational stress,Metabolic syndrome/components,Analytical cross-sectional,JBI Analytical Cross-sectional,Methodologically serviceable,Cross-sectional temporality,1608 analysed petrochemical workers,"No overall association between occupational stress and MetS; adjusted models found D/C ratio negatively associated with SBP, social support negatively associated with waist circumference, and over-commitment positively associated with fasting blood glucose","Occupational stress was not associated with MetS overall, but selected stress dimensions were associated with specific MetS components",Verified full-text record,10.1186/s12889-024-18305-3
Sharifi,2025,Association Between Adequacy and Moderation of Quality of Diet with Metabolic Syndrome Parameters Among Iranian Health Workers Based on the Baseline Data of Employees Health Cohort Study,Health workers,Diet quality,Metabolic syndrome parameters,Analytical cross-sectional,JBI Analytical Cross-sectional,Methodologically serviceable,Cross-sectional temporality,3380 health workers,"MetS prevalence 22.3%; diet moderation associated with MetS OR 1.03 (95% CI 1.008-1.05), abdominal obesity OR 1.02 (1.003-1.04), elevated TG OR 1.02 (1.00-1.03), elevated FBS OR 1.03 (1.005-1.05)",Diet moderation score was associated with MetS and several components; adequacy was not,Verified abstract/full text,10.34172/aim.33193
Ma,2025,Effectiveness of a canteen-based dietary intervention for metabolic syndrome in occupational men: A randomized controlled trial,Occupational men at oilfield canteens,Dietary intervention,Metabolic syndrome/components,Randomized controlled trial,JBI Randomized Controlled Trial,Promising,Unit of randomization/concealment and clustering need confirmation,321 occupational men; 6 months,FBG beta -0.72 p=0.010; TC -1.49 p<0.001; LDL-C -0.65 p<0.001; WC -7.73 p<0.001; BMI -2.01 p<0.001; HDL-C +0.13 p<0.001,Canteen-based healthy lunch plus advice improved several MetS components,Verified from PubMed abstract,10.6133/apjcn.202512_34(6).0006
dosReis,2026,Dietary pattern and night work: metabolic syndrome in healthcare workers,Healthcare workers,Night work/diet,Metabolic syndrome,Analytical cross-sectional,JBI Analytical Cross-sectional,Methodologically serviceable,Cross-sectional temporality,"156 healthcare workers (90 day-shift, 66 night-shift)","Night-shift workers had higher blood pressure, lower HDL cholesterol and 135% greater likelihood of MetS; shorter eating window linked to 7% lower MetS risk",Night work and meal timing were associated with adverse metabolic risk,Source extraction completed,10.20945/2359-4292-2026-0047
Petek,2026,Prevalence and Factors Associated with Metabolic Syndrome Among Heavy Industry Workers: A Cross-Sectional Study,Heavy-industry workers,Diet/nutritional status,Metabolic syndrome,Analytical cross-sectional,JBI Analytical Cross-sectional,Methodologically serviceable,Cross-sectional temporality,,MetS prevalence 21.4%; obesity and abdominal obesity associated with approximately 3.06-3.42-fold higher odds,Adiposity and nutritional status were strongly associated with MetS,Source extraction completed,10.1097/JOM.0000000000003775
ReinosoBarbero,2026,Association between adherence to the Mediterranean diet and metabolic syndrome in workers at a multinational company in Madrid,Multinational-company employees,Mediterranean diet,Metabolic syndrome/components,Analytical cross-sectional,JBI Analytical Cross-sectional,Methodologically serviceable,Cross-sectional temporality,"5,891 employees",MetS prevalence 6.45%; Mediterranean-diet adherence OR 0.45 (95% CI 0.31-0.68),Higher Mediterranean-diet adherence was associated with lower MetS prevalence,Source extraction completed,10.1016/j.arteri.2026.500945
AyeltigahHealthcare,2026,"Work stress, dietary patterns, and physical activity on metabolic and hepatic biomarkers among healthcare professionals in Ghana",Healthcare professionals,Stress/diet/physical activity,Metabolic syndrome/components,Analytical cross-sectional,JBI Analytical Cross-sectional,Methodologically serviceable,Cross-sectional temporality,119 healthcare professionals,MetS prevalence 11.0%; western diet significantly associated with abdominal obesity,Dietary pattern showed clearer association than stress/activity,Verified from PubMed abstract,10.1186/s41043-026-01344-4
AyeltigahUniversity,2026,"Association Between Dietary Patterns, Work Stress, Physical Activity, and Cardiometabolic Markers Among University Workers in Ghana",University workers,Stress/diet/physical activity,Cardiometabolic markers,Analytical cross-sectional,JBI Analytical Cross-sectional,Methodologically serviceable,Cross-sectional temporality,94 university workers,High-protein dietary pattern and hypertension: aOR 1.869 (95% CI 1.011-3.455),Diet pattern associated with blood pressure; stress and PA not significantly associated with markers,Verified from PubMed abstract,10.1002/hsr2.72986
AyeltigahMilitary,2026,"Work stress, dietary patterns and metabolic syndrome among military personnel in Ghana: a cross-sectional study",Military personnel,Work stress/diet/physical activity,Metabolic syndrome/components,Analytical cross-sectional,JBI Analytical Cross-sectional,Methodologically serviceable,Cross-sectional temporality,390 military personnel,Work stress and MetS: OR 6.472 (95% CI 1.535-27.292),Work stress associated with higher MetS odds; estimate imprecise,Verified from PubMed abstract,10.1136/bmjopen-2025-109662
Earnest,2015,Evaluation of a Voluntary Worksite Weight Loss Program on Metabolic Syndrome,Employees from 93 companies,Worksite behavioral weight-loss intervention,Metabolic syndrome prevalence/components,Quasi-experimental pre-post,JBI Quasi-Experimental,Useful but lower causal confidence,No randomized concurrent control,"3,880 employees from 93 companies; 10 weeks",Women 43% to 30%; men 52% to 26%; p<0.001,Voluntary worksite weight-loss program reduced MetS prevalence and risk factors,Verified from publisher abstract,10.1089/met.2015.0075
KimDietary,2016,Effect of a Worksite-based Dietary Intervention Program for the Management of Metabolic Syndrome,Male white-collar employees,Dietary intervention and worksite food environment,Metabolic syndrome/components,Quasi-experimental pre-post,JBI Quasi-Experimental,Useful but lower causal confidence,No randomised concurrent control,"104 enrolled; 37 analysed (17 high-risk, 20 low-risk)","High-risk group improved weight, BMI, waist circumference, blood pressure, HDL and HbA1c; median MetS components decreased 3.0 to 1.0",Worksite dietary intervention improved multiple MetS indicators in the high-risk group,Source extraction completed,10.5720/kjcn.2016.21.3.237
Ryu,2017,Program Development and Effectiveness of Workplace Health Promotion Program for Preventing Metabolic Syndrome among Office Workers,Office workers,Workplace health promotion: education/self-monitoring/diet/activity,Metabolic syndrome score/components,Quasi-experimental pre-post,JBI Quasi-Experimental,Useful but lower causal confidence,No randomized concurrent control,565 office workers in final analyses across intervention groups,"Targeted intensive group: waist 89.96 to 86.93 cm and fasting glucose 93.44 to 84.56 mg/dL, p<0.001; MetS prevalence 41.5% to 31.7%",Targeted proactive workplace program improved MetS indicators; voluntary low-intensity components did not,Verified full text,10.3390/ijerph14080878
So,2025,Web-based high-intensity interval training with calorie restriction for workplace metabolic-syndrome,Employees,HIIT plus calorie restriction,Metabolic syndrome/CRF/physical activity,Quasi-experimental single-group longitudinal,JBI Quasi-Experimental,Useful but lower causal confidence,Single-group nonrandomized design,37 employees; 11 weeks; 26 at 1-year follow-up,"Weight, blood pressure and triglycerides improved post-intervention and remained improved at 1 year (p<0.01)",Web-based HIIT + calorie restriction improved MetS-related outcomes,Verified from Occupational Medicine abstract,10.1093/occmed/kqaf079
Bogale,2025,"A healthy lifestyle education intervention for metabolic syndrome risk reduction among office workers in Ethiopia: a single-blind, randomised controlled trial",Bank employees/office workers,Lifestyle education: diet/physical activity/stress and other risk factors,Metabolic syndrome risk factors,Randomized controlled trial,JBI Randomized Controlled Trial,Promising,"Masking target, concealment, attrition/ITT need confirmation",226 screened bank employees; 207 analyzed; 9 months,Waist -5.33 cm; SBP -6.96 mmHg; DBP -4.21 mmHg; total cholesterol -34.12 mg/dL; LDL -20.68 mg/dL; all p<0.0001,Workplace lifestyle education improved several MetS risk factors,Verified from PubMed abstract,10.1038/s41598-025-22962-8
KimBEST,2015,Effects of an internet-based lifestyle intervention on cardio-metabolic risks and stress in Korean workers with metabolic syndrome: a controlled trial,Korean male workers with MetS,Physical activity/diet/counselling,Metabolic syndrome components,Controlled nonrandomized trial,JBI Quasi-Experimental,Useful but lower causal confidence,Nonrandomized allocation; only one pre- and one post-intervention measurement; follow-up completeness unclear,48 Korean male workers; 16 weeks,Weight p=0.022; visceral fat p=0.033; waist circumference p=0.037,Internet-based activity/diet/counselling improved selected cardiometabolic risks,Verified from PubMed abstract,10.1016/j.pec.2014.10.013
Choi,2017,"Effects of a T'ai Chi-Based Health Promotion Program on Metabolic Syndrome Markers, Health Behaviors, and Quality of Life in Middle-Aged Male Office Workers: A Randomized Trial",Middle-aged male office workers,T'ai Chi + health education,Metabolic syndrome markers,Randomized controlled trial,JBI Randomized Controlled Trial,Some concern despite randomized design,37% attrition and completer analysis; allocation concealment not fully established,43 male office workers; 12 weeks,SBP p=0.003; DBP p=0.037; triglycerides p=0.019,T'ai Chi plus health education improved blood pressure and triglycerides,Verified from PubMed/publisher abstract,10.1089/acm.2017.0057
Huang,2017,"Relationships between occupational, leisure-time and commuting physical activity and metabolic syndrome among Taiwanese workers",Taiwanese workers,Occupational/leisure/commuting physical activity,Metabolic syndrome,Analytical cross-sectional,JBI Analytical Cross-sectional,Methodologically serviceable,Cross-sectional temporality; physical activity self-reported and measurement validity not fully established,Taiwanese workers; MetS prevalence 16.6%,High vs low leisure-time PA: OR 0.76 (95% CI 0.62-0.95),Higher leisure-time PA associated with lower MetS odds; commuting PA not associated,Verified from PubMed abstract,PMID 29061986
Fang,2019,"Effectiveness of a physical activity program on weight, physical fitness, occupational stress, job satisfaction and quality of life of overweight employees in high-tech industries: a randomized controlled study",Overweight sedentary high-tech employees,Physical activity program,Metabolic syndrome risk factors,Randomized controlled trial,JBI Randomized Controlled Trial,Promising but reporting limitations remain,"Allocation concealment, assessor blinding, attrition handling and analysis-by-randomization unclear",75 overweight high-tech employees; 12 weeks,"Reduced number of MetS risk factors; lower triglycerides, total cholesterol and LDL",Worksite PA program improved metabolic and fitness outcomes,Verified from publisher abstract,10.1080/10803548.2018.1438839
Schilling,2020,Stress-buffering effects of physical activity and cardiorespiratory fitness on metabolic syndrome in police officers,Police officers,Work stress/physical activity/cardiorespiratory fitness,Metabolic syndrome risk,Prospective cohort,JBI Cohort,Generally sound with design caveat,Participants not required to be MetS-free at baseline; follow-up/attrition handling incompletely reported,97 police officers; 1 year,Cardiorespiratory fitness predicting MetS risk: beta -0.38,Higher fitness predicted lower follow-up MetS risk; no main effect for PA or work stress,Verified from PubMed abstract,PMID 32722703
ParkHwang,2024,Effects of a Remote Physical Activity Improvement Program on Male Office Workers with Metabolic Syndrome in Their 30s and 40s with Sedentary Behavior: A Randomized Controlled Trial,Male office workers with MetS,Remote physical activity program,Metabolic syndrome/physiological indicators,Randomized controlled trial,JBI Randomized Controlled Trial,Promising but reporting limitations remain,"Concealment, assessor blinding, attrition and ITT details unclear from accessible report",75 male office workers with MetS; 12 weeks,Intervention improved physical and physiological indicators versus control (P<0.05),Remote workplace PA education improved MetS-related indicators,Verified from publisher abstract,10.1016/j.anr.2024.01.006
