study,year,design,appraisal_tool,preliminary_quality_signal,main_caution
"Haufe et al.",2019,"RCT","JBI RCT","Generally strong","Allocation concealment/attrition details need final confirmation"
"Ma et al.",2025,"RCT","JBI RCT","Promising","Unit of randomization/concealment and clustering need confirmation"
"Bogale et al.",2025,"RCT","JBI RCT","Promising","Masking target, concealment, attrition/ITT need confirmation"
"Garbarino & Magnavita",2015,"Prospective cohort","JBI Cohort","Generally strong","Attrition handling needs final confirmation"
"Kuwahara et al.",2016,"Prospective cohort","JBI Cohort","Generally strong","Attrition/missing-data handling needs final confirmation"
"Yamaguchi et al.",2018,"Prospective cohort","JBI Cohort","Generally strong","Attrition/missing-data handling needs final confirmation"
"van Zon et al.",2020,"Cohort/longitudinal","JBI Cohort","Generally strong","Missing-data strategy needs final confirmation; overlaps Lifelines cohort"
"Runge et al.",2021,"Prospective cohort","JBI Cohort","Generally strong","Attrition handling needs final confirmation; overlaps Lifelines cohort"
"Alavi et al.",2015,"Analytical cross-sectional","JBI Cross-sectional","Methodologically serviceable","Cross-sectional temporality"
"Ko et al.",2016,"Analytical cross-sectional","JBI Cross-sectional","Methodologically serviceable","Cross-sectional temporality"
"Sedentary occupation workers study",2017,"Analytical cross-sectional","JBI Cross-sectional","Methodologically serviceable","Cross-sectional temporality"
"Appiah et al.",2020,"Analytical cross-sectional","JBI Cross-sectional","Methodologically serviceable","Cross-sectional temporality"
"Motuma/Aboma et al.",2020,"Analytical cross-sectional","JBI Cross-sectional","Methodologically serviceable","Cross-sectional temporality"
"Jovanovic et al.",2020,"Analytical cross-sectional","JBI Cross-sectional","Methodologically serviceable","Cross-sectional temporality"
"Eftekhari et al.",2021,"Analytical cross-sectional","JBI Cross-sectional","Methodologically serviceable","Cross-sectional temporality"
"Apprey et al.",2022,"Analytical cross-sectional","JBI Cross-sectional","Methodologically serviceable","Cross-sectional temporality"
"Zhang et al.",2024,"Analytical cross-sectional","JBI Cross-sectional","Methodologically serviceable","Cross-sectional temporality"
"Sharifi et al.",2025,"Analytical cross-sectional","JBI Cross-sectional","Methodologically serviceable","Cross-sectional temporality"
"dos Reis et al.",2026,"Analytical cross-sectional","JBI Cross-sectional","Methodologically serviceable","Cross-sectional temporality"
"Petek & Karabudak",2026,"Analytical cross-sectional","JBI Cross-sectional","Methodologically serviceable","Cross-sectional temporality"
"Reinoso-Barbero et al.",2026,"Analytical cross-sectional","JBI Cross-sectional","Methodologically serviceable","Cross-sectional temporality"
"Ayeltigah et al. healthcare professionals",2026,"Analytical cross-sectional","JBI Cross-sectional","Methodologically serviceable","Cross-sectional temporality"
"Ayeltigah et al. university workers",2026,"Analytical cross-sectional","JBI Cross-sectional","Methodologically serviceable","Cross-sectional temporality"
"Ayeltigah et al. military personnel",2026,"Analytical cross-sectional","JBI Cross-sectional","Methodologically serviceable","Cross-sectional temporality"
"Earnest & Church",2015,"Quasi-experimental","JBI Quasi-experimental","Useful but lower causal confidence","No randomized concurrent control"
"Kim et al. worksite dietary intervention",2016,"Quasi-experimental","JBI Quasi-experimental","Useful but lower causal confidence","No randomized concurrent control"
"Ryu et al.",2017,"Quasi-experimental","JBI Quasi-experimental","Useful but lower causal confidence","No randomized concurrent control"
"So et al.",2025,"Quasi-experimental","JBI Quasi-experimental","Useful but lower causal confidence","Single-group nonrandomized design"
"Kim et al. BEST",2015,"Controlled nonrandomized trial","JBI Quasi-experimental","Useful but lower causal confidence","Nonrandomized allocation; only one pre- and one post-intervention measurement; follow-up completeness unclear"
"Choi et al.",2017,"RCT","JBI RCT","Some concern despite randomized design","37% attrition and completer analysis; allocation concealment not fully established"
"Huang et al.",2017,"Analytical cross-sectional","JBI Cross-sectional","Methodologically serviceable","Cross-sectional temporality; physical activity self-reported and measurement validity not fully established"
"Fang et al.",2019,"RCT","JBI RCT","Promising but reporting limitations remain","Allocation concealment, assessor blinding, attrition handling and analysis-by-randomization unclear"
"Schilling et al.",2020,"Prospective cohort","JBI Cohort","Generally sound with design caveat","Participants not required to be MetS-free at baseline; follow-up/attrition handling incompletely reported"
"Park & Hwang",2024,"RCT","JBI RCT","Promising but reporting limitations remain","Concealment, assessor blinding, attrition and ITT details unclear from accessible report"
