id,first_author,year,preliminary_decision,primary_reason,corrected_doi_or_note
1,Jahangiry,2017,Exclude,"Clinical MetS intervention; workplace/employment context not evident","10.1038/nutd.2017.12"
2,Montemayor,2022,Exclude,"Clinical NAFLD/MetS intervention; workplace context not evident","10.3390/nu14183693"
3,Normandin,2017,Exclude,"Older clinical population and no workplace context; age range conflicts with working-age criterion","DOI requires correction from thesis record"
4,Botoseneanu,2017,Exclude,"Community-dwelling adults aged 70–89; not workplace population","10.1111/jgs.14812"
5,Byrd,2019,Exclude,"Exercise-training study; workplace context not evident","10.3390/ijerph16122088"
6,Candás-Estébanez,2024,Exclude,"Clinical Mediterranean-diet trial; workplace context not evident","10.3390/ijms25031836"
7,Chang,2021,Exclude,"Clinical exercise intervention; workplace context not evident","10.3390/ijerph18115577"
8,Folope,2022,Exclude,"Clinical obesity/MetS exercise study; workplace context not evident","10.3390/nu14030690"
9,Garthwaite,2022,Exclude,"MetS sedentary-time trial; workplace context not evident","10.1016/j.jsams.2022.05.009"
10,Gianturco,2020,Verify,"Potential health-promotion relevance but occupational/workplace eligibility requires full-text confirmation","10.3390/ijerph17176099"
11,Osella,2018,Exclude,"Clinical diet trial; workplace context not evident","10.3390/nu10070844"
12,Bagnato,2024,Exclude,"Clinical MASLD lifestyle trial; workplace context not evident","10.3390/nu16040544"
13,Reljic,2020,Exclude,"Clinical obesity/HIIT study; workplace context not evident","10.1186/s12967-020-02481-y"
14,Kiwata,2017,Exclude,"Protocol/pre-results publication and cancer-survivor clinical population","10.1136/bmjopen-2017-016910"
15,Nilsson,2024,Exclude,"Retrospective clinical-trial analysis; workplace context not evident","10.3390/nu16040552"
16,Cuddy,2019,Exclude,"Exercise-training study; workplace context not evident","10.3390/ijerph16030483"
17,Suarez-Cuenca,2025,Exclude,"Clinical MetS diet/exercise therapy; workplace context not evident","Indexed article details differ from thesis record"
18,Zhao,2025,Exclude,"Study protocol; protocols excluded by operational rule","10.2196/51123"
19,Alfawaz,2018,Exclude,"Prediabetic clinical/lifestyle cohort; workplace context not evident","10.3390/nu10030383"
20,Andersen,2021,Exclude,"Lifestyle/cardiometabolic-risk study; workplace context not evident","Indexed DOI differs from thesis record"
21,Jovanovic,2020,Retain,"Security guards; occupational stress; health/metabolic outcomes in an occupational population","10.2478/aiht-2020-71-3379"
22,Shi,2023,Exclude,"General US adult NHANES sample; no workplace population","10.1265/ehpm.22-00243"
23,Lindberg,2018,Exclude,"Office-worker study, but outcomes are physical activity and stress rather than metabolic syndrome/components","10.1136/oemed-2018-105077"
24,Aboma,2020,Retain,"Working adults; metabolic syndrome prevalence and lifestyle-associated factors","10.2147/DMSO.S283270"
25,Yimam,2024,Exclude,"Government employees but primary outcome is diabetes rather than metabolic syndrome/components as defined for this review","Verify bibliographic details"
26,van Zon,2020,Retain,"Occupational groups; metabolic syndrome prevalence/incidence; health behaviours assessed","10.1136/bmjdrc-2020-001436"
27,Garbarino,2015,Retain,"Police officers; work stress; prospective metabolic syndrome outcome","10.1371/journal.pone.0144318"
