reconstructed_id,provenance,first_author,year,title,doi_or_id,known_decision,known_reason,relation_to_current_pool,certainty,notes
KR001,verified_include_candidates.csv,Alavi,2015,Metabolic syndrome: a common problem among office workers,10.15171/ijoem.2015.492,Include,Eligible workplace/occupational population with relevant MetS exposure/intervention and outcome,Current 34-study evidence pool,Verified inclusion pool,This row documents a known included study; it does not establish original search-source or title/abstract screening provenance.
KR002,verified_include_candidates.csv,Garbarino,2015,Work stress and metabolic syndrome in police officers. A prospective study,10.1371/journal.pone.0144318,Include,Eligible workplace/occupational population with relevant MetS exposure/intervention and outcome,Current 34-study evidence pool,Verified inclusion pool,This row documents a known included study; it does not establish original search-source or title/abstract screening provenance.
KR003,verified_include_candidates.csv,Kuwahara,2016,"Leisure-time exercise, physical activity during work and commuting, and risk of metabolic syndrome",10.1007/s12020-016-0911-z,Include,Eligible workplace/occupational population with relevant MetS exposure/intervention and outcome,Current 34-study evidence pool,Verified inclusion pool,This row documents a known included study; it does not establish original search-source or title/abstract screening provenance.
KR004,verified_include_candidates.csv,Ko,2016,The relationship between physical activity levels and metabolic syndrome in male white-collar workers,10.1589/jpts.28.3041,Include,Eligible workplace/occupational population with relevant MetS exposure/intervention and outcome,Current 34-study evidence pool,Verified inclusion pool,This row documents a known included study; it does not establish original search-source or title/abstract screening provenance.
KR005,verified_include_candidates.csv,SedentaryWorkers,2017,Sedentary Occupation Workers Who Meet the Physical Activity Recommendations Have a Reduced Risk for Metabolic Syndrome,PMID 28742767,Include,Eligible workplace/occupational population with relevant MetS exposure/intervention and outcome,Current 34-study evidence pool,Verified inclusion pool,This row documents a known included study; it does not establish original search-source or title/abstract screening provenance.
KR006,verified_include_candidates.csv,Yamaguchi,2018,The association of work-related stressors and their changes over time with the development of metabolic syndrome: The Furukawa Nutrition and Health Study,10.1539/joh.2017-0298-OA,Include,Eligible workplace/occupational population with relevant MetS exposure/intervention and outcome,Current 34-study evidence pool,Verified inclusion pool,This row documents a known included study; it does not establish original search-source or title/abstract screening provenance.
KR007,verified_include_candidates.csv,Haufe,2019,"Telemonitoring-supported exercise training, metabolic syndrome severity, and work ability in company employees: a randomised controlled trial",10.1016/S2468-2667(19)30075-1,Include,Eligible workplace/occupational population with relevant MetS exposure/intervention and outcome,Current 34-study evidence pool,Verified inclusion pool,This row documents a known included study; it does not establish original search-source or title/abstract screening provenance.
KR008,verified_include_candidates.csv,Appiah,2020,Prevalence and lifestyle-associated risk factors of metabolic syndrome among commercial motor vehicle drivers in a metropolitan city in Ghana,10.11604/pamj.2020.36.136.16861,Include,Eligible workplace/occupational population with relevant MetS exposure/intervention and outcome,Current 34-study evidence pool,Verified inclusion pool,This row documents a known included study; it does not establish original search-source or title/abstract screening provenance.
KR009,verified_include_candidates.csv,Aboma,2020,Metabolic syndrome among working adults in eastern Ethiopia,10.2147/DMSO.S283270,Include,Eligible workplace/occupational population with relevant MetS exposure/intervention and outcome,Current 34-study evidence pool,Verified inclusion pool,This row documents a known included study; it does not establish original search-source or title/abstract screening provenance.
KR010,verified_include_candidates.csv,Jovanovic,2020,The influence of specific aspects of occupational stress on security guards' health and work ability,10.2478/aiht-2020-71-3379,Include,Eligible workplace/occupational population with relevant MetS exposure/intervention and outcome,Current 34-study evidence pool,Verified inclusion pool,This row documents a known included study; it does not establish original search-source or title/abstract screening provenance.
KR011,verified_include_candidates.csv,vanZon,2020,Occupational distribution of metabolic syndrome prevalence and incidence differs by sex and is not explained by age and health behavior,10.1136/bmjdrc-2020-001436,Include,Eligible workplace/occupational population with relevant MetS exposure/intervention and outcome,Current 34-study evidence pool,Verified inclusion pool,This row documents a known included study; it does not establish original search-source or title/abstract screening provenance.
KR012,verified_include_candidates.csv,vanZon,2021,Metabolic syndrome incidence in an aging workforce: Occupational differences and the role of health behaviors,10.1016/j.ssmph.2021.100881,Include,Eligible workplace/occupational population with relevant MetS exposure/intervention and outcome,Current 34-study evidence pool,Verified inclusion pool,This row documents a known included study; it does not establish original search-source or title/abstract screening provenance.
KR013,verified_include_candidates.csv,Eftekhari,2021,The association between job stress and metabolic syndrome among medical university staff,10.1007/s40200-021-00748-9,Include,Eligible workplace/occupational population with relevant MetS exposure/intervention and outcome,Current 34-study evidence pool,Verified inclusion pool,This row documents a known included study; it does not establish original search-source or title/abstract screening provenance.
KR014,verified_include_candidates.csv,Apprey,2022,Dietary intake and prevalence of metabolic syndrome among tanker truck drivers in Ghana,10.1108/NFS-08-2021-0250,Include,Eligible workplace/occupational population with relevant MetS exposure/intervention and outcome,Current 34-study evidence pool,Verified inclusion pool,This row documents a known included study; it does not establish original search-source or title/abstract screening provenance.
KR015,verified_include_candidates.csv,Zhang,2024,Correlation analysis between occupational stress and metabolic syndrome in workers of a petrochemical enterprise: based on two assessment models of occupational stress,10.1186/s12889-024-18305-3,Include,Eligible workplace/occupational population with relevant MetS exposure/intervention and outcome,Current 34-study evidence pool,Verified inclusion pool,This row documents a known included study; it does not establish original search-source or title/abstract screening provenance.
KR016,verified_include_candidates.csv,Sharifi,2025,Association Between Adequacy and Moderation of Quality of Diet with Metabolic Syndrome Parameters Among Iranian Health Workers Based on the Baseline Data of Employees Health Cohort Study,10.34172/aim.33193,Include,Eligible workplace/occupational population with relevant MetS exposure/intervention and outcome,Current 34-study evidence pool,Verified inclusion pool,This row documents a known included study; it does not establish original search-source or title/abstract screening provenance.
KR017,verified_include_candidates.csv,Ma,2025,Effectiveness of a canteen-based dietary intervention for metabolic syndrome in occupational men: A randomized controlled trial,10.6133/apjcn.202512_34(6).0006,Include,Eligible workplace/occupational population with relevant MetS exposure/intervention and outcome,Current 34-study evidence pool,Verified inclusion pool,This row documents a known included study; it does not establish original search-source or title/abstract screening provenance.
KR018,verified_include_candidates.csv,dosReis,2026,Dietary pattern and night work: metabolic syndrome in healthcare workers,10.20945/2359-4292-2026-0047,Include,Eligible workplace/occupational population with relevant MetS exposure/intervention and outcome,Current 34-study evidence pool,Verified inclusion pool,This row documents a known included study; it does not establish original search-source or title/abstract screening provenance.
KR019,verified_include_candidates.csv,Petek,2026,Prevalence and Factors Associated with Metabolic Syndrome Among Heavy Industry Workers: A Cross-Sectional Study,10.1097/JOM.0000000000003775,Include,Eligible workplace/occupational population with relevant MetS exposure/intervention and outcome,Current 34-study evidence pool,Verified inclusion pool,This row documents a known included study; it does not establish original search-source or title/abstract screening provenance.
KR020,verified_include_candidates.csv,ReinosoBarbero,2026,Association between adherence to the Mediterranean diet and metabolic syndrome in workers at a multinational company in Madrid,10.1016/j.arteri.2026.500945,Include,Eligible workplace/occupational population with relevant MetS exposure/intervention and outcome,Current 34-study evidence pool,Verified inclusion pool,This row documents a known included study; it does not establish original search-source or title/abstract screening provenance.
KR021,verified_include_candidates.csv,AyeltigahHealthcare,2026,"Work stress, dietary patterns, and physical activity on metabolic and hepatic biomarkers among healthcare professionals in Ghana",10.1186/s41043-026-01344-4,Include,Eligible workplace/occupational population with relevant MetS exposure/intervention and outcome,Current 34-study evidence pool,Verified inclusion pool,This row documents a known included study; it does not establish original search-source or title/abstract screening provenance.
KR022,verified_include_candidates.csv,AyeltigahUniversity,2026,"Association Between Dietary Patterns, Work Stress, Physical Activity, and Cardiometabolic Markers Among University Workers in Ghana",10.1002/hsr2.72986,Include,Eligible workplace/occupational population with relevant MetS exposure/intervention and outcome,Current 34-study evidence pool,Verified inclusion pool,This row documents a known included study; it does not establish original search-source or title/abstract screening provenance.
KR023,verified_include_candidates.csv,AyeltigahMilitary,2026,"Work stress, dietary patterns and metabolic syndrome among military personnel in Ghana: a cross-sectional study",10.1136/bmjopen-2025-109662,Include,Eligible workplace/occupational population with relevant MetS exposure/intervention and outcome,Current 34-study evidence pool,Verified inclusion pool,This row documents a known included study; it does not establish original search-source or title/abstract screening provenance.
KR024,verified_include_candidates.csv,Earnest,2015,Evaluation of a Voluntary Worksite Weight Loss Program on Metabolic Syndrome,10.1089/met.2015.0075,Include,Eligible workplace/occupational population with relevant MetS exposure/intervention and outcome,Current 34-study evidence pool,Verified inclusion pool,This row documents a known included study; it does not establish original search-source or title/abstract screening provenance.
KR025,verified_include_candidates.csv,KimDietary,2016,Effect of a Worksite-based Dietary Intervention Program for the Management of Metabolic Syndrome,10.5720/kjcn.2016.21.3.237,Include,Eligible workplace/occupational population with relevant MetS exposure/intervention and outcome,Current 34-study evidence pool,Verified inclusion pool,This row documents a known included study; it does not establish original search-source or title/abstract screening provenance.
KR026,verified_include_candidates.csv,Ryu,2017,Program Development and Effectiveness of Workplace Health Promotion Program for Preventing Metabolic Syndrome among Office Workers,10.3390/ijerph14080878,Include,Eligible workplace/occupational population with relevant MetS exposure/intervention and outcome,Current 34-study evidence pool,Verified inclusion pool,This row documents a known included study; it does not establish original search-source or title/abstract screening provenance.
KR027,verified_include_candidates.csv,So,2025,Web-based high-intensity interval training with calorie restriction for workplace metabolic-syndrome,10.1093/occmed/kqaf079,Include,Eligible workplace/occupational population with relevant MetS exposure/intervention and outcome,Current 34-study evidence pool,Verified inclusion pool,This row documents a known included study; it does not establish original search-source or title/abstract screening provenance.
KR028,verified_include_candidates.csv,Bogale,2025,"A healthy lifestyle education intervention for metabolic syndrome risk reduction among office workers in Ethiopia: a single-blind, randomised controlled trial",10.1038/s41598-025-22962-8,Include,Eligible workplace/occupational population with relevant MetS exposure/intervention and outcome,Current 34-study evidence pool,Verified inclusion pool,This row documents a known included study; it does not establish original search-source or title/abstract screening provenance.
KR029,verified_include_candidates.csv,KimBEST,2015,Effects of an internet-based lifestyle intervention on cardio-metabolic risks and stress in Korean workers with metabolic syndrome: a controlled trial,10.1016/j.pec.2014.10.013,Include,Eligible workplace/occupational population with relevant MetS exposure/intervention and outcome,Current 34-study evidence pool,Verified inclusion pool,This row documents a known included study; it does not establish original search-source or title/abstract screening provenance.
KR030,verified_include_candidates.csv,Choi,2017,"Effects of a T'ai Chi-Based Health Promotion Program on Metabolic Syndrome Markers, Health Behaviors, and Quality of Life in Middle-Aged Male Office Workers: A Randomized Trial",10.1089/acm.2017.0057,Include,Eligible workplace/occupational population with relevant MetS exposure/intervention and outcome,Current 34-study evidence pool,Verified inclusion pool,This row documents a known included study; it does not establish original search-source or title/abstract screening provenance.
KR031,verified_include_candidates.csv,LinTaiwan,2017,"Relationships between occupational, leisure-time and commuting physical activity and metabolic syndrome among Taiwanese workers",PMID 29061986,Include,Eligible workplace/occupational population with relevant MetS exposure/intervention and outcome,Current 34-study evidence pool,Verified inclusion pool,This row documents a known included study; it does not establish original search-source or title/abstract screening provenance.
KR032,verified_include_candidates.csv,Tsai,2018,"Effectiveness of a physical activity program on weight, physical fitness, occupational stress, job satisfaction and quality of life of overweight employees in high-tech industries: a randomized controlled study",10.1080/10803548.2018.1438839,Include,Eligible workplace/occupational population with relevant MetS exposure/intervention and outcome,Current 34-study evidence pool,Verified inclusion pool,This row documents a known included study; it does not establish original search-source or title/abstract screening provenance.
KR033,verified_include_candidates.csv,Gerber,2020,Stress-buffering effects of physical activity and cardiorespiratory fitness on metabolic syndrome in police officers,PMID 32722703,Include,Eligible workplace/occupational population with relevant MetS exposure/intervention and outcome,Current 34-study evidence pool,Verified inclusion pool,This row documents a known included study; it does not establish original search-source or title/abstract screening provenance.
KR034,verified_include_candidates.csv,RemotePA,2024,Effects of a Remote Physical Activity Improvement Program on Male Office Workers with Metabolic Syndrome in Their 30s and 40s with Sedentary Behavior: A Randomized Controlled Trial,10.1016/j.anr.2024.01.006,Include,Eligible workplace/occupational population with relevant MetS exposure/intervention and outcome,Current 34-study evidence pool,Verified inclusion pool,This row documents a known included study; it does not establish original search-source or title/abstract screening provenance.
KR035,path_A_screening_decisions.csv,Jahangiry,2017,,10.1038/nutd.2017.12,Exclude,Clinical MetS intervention; workplace/employment context not evident,Historical thesis-appended record re-screened under workplace-focused criteria,Historical re-screen decision,Original database source and screening stage are not recoverable from current repository files.
KR036,path_A_screening_decisions.csv,Montemayor,2022,,10.3390/nu14183693,Exclude,Clinical NAFLD/MetS intervention; workplace context not evident,Historical thesis-appended record re-screened under workplace-focused criteria,Historical re-screen decision,Original database source and screening stage are not recoverable from current repository files.
KR037,path_A_screening_decisions.csv,Normandin,2017,,DOI requires correction from thesis record,Exclude,Older clinical population and no workplace context; age range conflicts with working-age criterion,Historical thesis-appended record re-screened under workplace-focused criteria,Historical re-screen decision,Original database source and screening stage are not recoverable from current repository files.
KR038,path_A_screening_decisions.csv,Botoseneanu,2017,,10.1111/jgs.14812,Exclude,Community-dwelling adults aged 70–89; not workplace population,Historical thesis-appended record re-screened under workplace-focused criteria,Historical re-screen decision,Original database source and screening stage are not recoverable from current repository files.
KR039,path_A_screening_decisions.csv,Byrd,2019,,10.3390/ijerph16122088,Exclude,Exercise-training study; workplace context not evident,Historical thesis-appended record re-screened under workplace-focused criteria,Historical re-screen decision,Original database source and screening stage are not recoverable from current repository files.
KR040,path_A_screening_decisions.csv,Candás-Estébanez,2024,,10.3390/ijms25031836,Exclude,Clinical Mediterranean-diet trial; workplace context not evident,Historical thesis-appended record re-screened under workplace-focused criteria,Historical re-screen decision,Original database source and screening stage are not recoverable from current repository files.
KR041,path_A_screening_decisions.csv,Chang,2021,,10.3390/ijerph18115577,Exclude,Clinical exercise intervention; workplace context not evident,Historical thesis-appended record re-screened under workplace-focused criteria,Historical re-screen decision,Original database source and screening stage are not recoverable from current repository files.
KR042,path_A_screening_decisions.csv,Folope,2022,,10.3390/nu14030690,Exclude,Clinical obesity/MetS exercise study; workplace context not evident,Historical thesis-appended record re-screened under workplace-focused criteria,Historical re-screen decision,Original database source and screening stage are not recoverable from current repository files.
KR043,path_A_screening_decisions.csv,Garthwaite,2022,,10.1016/j.jsams.2022.05.009,Exclude,MetS sedentary-time trial; workplace context not evident,Historical thesis-appended record re-screened under workplace-focused criteria,Historical re-screen decision,Original database source and screening stage are not recoverable from current repository files.
KR044,path_A_screening_decisions.csv,Gianturco,2020,,10.3390/ijerph17176099,Exclude,Clinical cardiovascular-prevention outpatient study; population not defined by employment or workplace context,Historical thesis-appended record re-screened under workplace-focused criteria,Historical re-screen decision,Original database source and screening stage are not recoverable from current repository files.
KR045,path_A_screening_decisions.csv,Osella,2018,,10.3390/nu10070844,Exclude,Clinical diet trial; workplace context not evident,Historical thesis-appended record re-screened under workplace-focused criteria,Historical re-screen decision,Original database source and screening stage are not recoverable from current repository files.
KR046,path_A_screening_decisions.csv,Bagnato,2024,,10.3390/nu16040544,Exclude,Clinical MASLD lifestyle trial; workplace context not evident,Historical thesis-appended record re-screened under workplace-focused criteria,Historical re-screen decision,Original database source and screening stage are not recoverable from current repository files.
KR047,path_A_screening_decisions.csv,Reljic,2020,,10.1186/s12967-020-02481-y,Exclude,Clinical obesity/HIIT study; workplace context not evident,Historical thesis-appended record re-screened under workplace-focused criteria,Historical re-screen decision,Original database source and screening stage are not recoverable from current repository files.
KR048,path_A_screening_decisions.csv,Kiwata,2017,,10.1136/bmjopen-2017-016910,Exclude,Protocol/pre-results publication and cancer-survivor clinical population,Historical thesis-appended record re-screened under workplace-focused criteria,Historical re-screen decision,Original database source and screening stage are not recoverable from current repository files.
KR049,path_A_screening_decisions.csv,Nilsson,2024,,10.3390/nu16040552,Exclude,Retrospective clinical-trial analysis; workplace context not evident,Historical thesis-appended record re-screened under workplace-focused criteria,Historical re-screen decision,Original database source and screening stage are not recoverable from current repository files.
KR050,path_A_screening_decisions.csv,Cuddy,2019,,10.3390/ijerph16030483,Exclude,Exercise-training study; workplace context not evident,Historical thesis-appended record re-screened under workplace-focused criteria,Historical re-screen decision,Original database source and screening stage are not recoverable from current repository files.
KR051,path_A_screening_decisions.csv,Suarez-Cuenca,2025,,Indexed article details differ from thesis record,Exclude,Clinical MetS diet/exercise therapy; workplace context not evident,Historical thesis-appended record re-screened under workplace-focused criteria,Historical re-screen decision,Original database source and screening stage are not recoverable from current repository files.
KR052,path_A_screening_decisions.csv,Zhao,2025,,10.2196/51123,Exclude,Study protocol; protocols excluded by operational rule,Historical thesis-appended record re-screened under workplace-focused criteria,Historical re-screen decision,Original database source and screening stage are not recoverable from current repository files.
KR053,path_A_screening_decisions.csv,Alfawaz,2018,,10.3390/nu10030383,Exclude,Prediabetic clinical/lifestyle cohort; workplace context not evident,Historical thesis-appended record re-screened under workplace-focused criteria,Historical re-screen decision,Original database source and screening stage are not recoverable from current repository files.
KR054,path_A_screening_decisions.csv,Andersen,2021,,Indexed DOI differs from thesis record,Exclude,Lifestyle/cardiometabolic-risk study; workplace context not evident,Historical thesis-appended record re-screened under workplace-focused criteria,Historical re-screen decision,Original database source and screening stage are not recoverable from current repository files.
KR055,path_A_screening_decisions.csv,Shi,2023,,10.1265/ehpm.22-00243,Exclude,General US adult NHANES sample; no workplace population,Historical thesis-appended record re-screened under workplace-focused criteria,Historical re-screen decision,Original database source and screening stage are not recoverable from current repository files.
KR056,path_A_screening_decisions.csv,Lindberg,2018,,10.1136/oemed-2018-105077,Exclude,"Office-worker study, but outcomes are physical activity and stress rather than metabolic syndrome/components",Historical thesis-appended record re-screened under workplace-focused criteria,Historical re-screen decision,Original database source and screening stage are not recoverable from current repository files.
KR057,path_A_screening_decisions.csv,Yimam,2024,,Verify bibliographic details,Exclude,Government employees but primary outcome is diabetes rather than metabolic syndrome/components as defined for this review,Historical thesis-appended record re-screened under workplace-focused criteria,Historical re-screen decision,Original database source and screening stage are not recoverable from current repository files.
