citation_key,verification_status,verified_metadata_or_note,doi_or_id,title
Alavi2015,VERIFIED_OR_PARTIALLY_VERIFIED,Int J Occup Environ Med 2015;6(1):34-40. PMID 25588224; PMCID PMC6977056; DOI verified.,10.15171/ijoem.2015.492,Metabolic syndrome: a common problem among office workers
Garbarino2015,VERIFIED_OR_PARTIALLY_VERIFIED,"PLOS ONE 2015;10(12):e0144318. Authors Sergio Garbarino, Nicola Magnavita; DOI verified.",10.1371/journal.pone.0144318,Work stress and metabolic syndrome in police officers. A prospective study
Kuwahara2016,VERIFIED_OR_PARTIALLY_VERIFIED,Endocrine 2016;53(3):710-721. PMID 26951053; DOI verified.,10.1007/s12020-016-0911-z,"Leisure-time exercise, physical activity during work and commuting, and risk of metabolic syndrome"
Ko2016,PENDING_FULL_BIBLIOGRAPHIC_CHECK,Title and identifier retained from active study pool; author list/journal/volume/pages still require verification.,10.1589/jpts.28.3041,The relationship between physical activity levels and metabolic syndrome in male white-collar workers
SedentaryWorkers2017,VERIFIED_OR_PARTIALLY_VERIFIED,J Occup Environ Med 2017;59(11):1029-1033. Authors Browne et al.; PMID 28742767; DOI 10.1097/JOM.0000000000001104.,PMID 28742767,Sedentary Occupation Workers Who Meet the Physical Activity Recommendations Have a Reduced Risk for Metabolic Syndrome
Yamaguchi2018,VERIFIED_OR_PARTIALLY_VERIFIED,DOI verified against indexed record; full journal formatting still to lock.,10.1539/joh.2017-0298-OA,The association of work-related stressors and their changes over time with the development of metabolic syndrome: The Furukawa Nutrition and Health Study
Haufe2019,VERIFIED_OR_PARTIALLY_VERIFIED,Lancet Public Health trial; PMID 31204284; DOI verified.,10.1016/S2468-2667(19)30075-1,"Telemonitoring-supported exercise training, metabolic syndrome severity, and work ability in company employees: a randomised controlled trial"
Appiah2020,VERIFIED_OR_PARTIALLY_VERIFIED,"Pan Afr Med J. 2020;36:136. Authors Appiah CA, Afriyie EO, Hayford FEA, Frimpong E; PMID 32849991; DOI verified.",10.11604/pamj.2020.36.136.16861,Prevalence and lifestyle-associated risk factors of metabolic syndrome among commercial motor vehicle drivers in a metropolitan city in Ghana
Aboma2020,PENDING_FULL_BIBLIOGRAPHIC_CHECK,Title and identifier retained from active study pool; author list/journal/volume/pages still require verification.,10.2147/DMSO.S283270,Metabolic syndrome among working adults in eastern Ethiopia
Jovanovic2020,VERIFIED_OR_PARTIALLY_VERIFIED,Arh Hig Rada Toksikol. 2020. PMID 33410781; PMCID PMC7968505; DOI verified.,10.2478/aiht-2020-71-3379,The influence of specific aspects of occupational stress on security guards' health and work ability
vanZon2020Occupational,PENDING_FULL_BIBLIOGRAPHIC_CHECK,Title and identifier retained from active study pool; author list/journal/volume/pages still require verification.,10.1136/bmjdrc-2020-001436,Occupational distribution of metabolic syndrome prevalence and incidence differs by sex and is not explained by age and health behavior
Runge2021Metabolic,VERIFIED_OR_PARTIALLY_VERIFIED,"SSM Popul Health. 2021;15:100881. Authors Runge K, van Zon SKR, Bültmann U; DOI verified.",10.1016/j.ssmph.2021.100881,Metabolic syndrome incidence in an aging workforce: Occupational differences and the role of health behaviors
Eftekhari2021,VERIFIED_OR_PARTIALLY_VERIFIED,"J Diabetes Metab Disord. 2021;20(1):321-327. Authors Eftekhari S, Alipour F, Aminian O, Saraei M; PMID 34178840; PMCID PMC8212329; DOI verified.",10.1007/s40200-021-00748-9,The association between job stress and metabolic syndrome among medical university staff
Apprey2022,PENDING_FULL_BIBLIOGRAPHIC_CHECK,Title and identifier retained from active study pool; author list/journal/volume/pages still require verification.,10.1108/NFS-08-2021-0250,Dietary intake and prevalence of metabolic syndrome among tanker truck drivers in Ghana
Zhang2024,VERIFIED_OR_PARTIALLY_VERIFIED,"BMC Public Health. 2024;24:802. First authors Min Zhang, Bin Liu, Weiyi Ke et al.; DOI verified.",10.1186/s12889-024-18305-3,Correlation analysis between occupational stress and metabolic syndrome in workers of a petrochemical enterprise: based on two assessment models of occupational stress
Sharifi2025,PENDING_FULL_BIBLIOGRAPHIC_CHECK,Title and identifier retained from active study pool; author list/journal/volume/pages still require verification.,10.34172/aim.33193,Association Between Adequacy and Moderation of Quality of Diet with Metabolic Syndrome Parameters Among Iranian Health Workers Based on the Baseline Data of Employees Health Cohort Study
Ma2025,PENDING_FULL_BIBLIOGRAPHIC_CHECK,Title and identifier retained from active study pool; author list/journal/volume/pages still require verification.,10.6133/apjcn.202512_34(6).0006,Effectiveness of a canteen-based dietary intervention for metabolic syndrome in occupational men: A randomized controlled trial
dosReis2026,PENDING_FULL_BIBLIOGRAPHIC_CHECK,Title and identifier retained from active study pool; author list/journal/volume/pages still require verification.,10.20945/2359-4292-2026-0047,Dietary pattern and night work: metabolic syndrome in healthcare workers
Petek2026,PENDING_FULL_BIBLIOGRAPHIC_CHECK,Title and identifier retained from active study pool; author list/journal/volume/pages still require verification.,10.1097/JOM.0000000000003775,Prevalence and Factors Associated with Metabolic Syndrome Among Heavy Industry Workers: A Cross-Sectional Study
ReinosoBarbero2026,PENDING_FULL_BIBLIOGRAPHIC_CHECK,Title and identifier retained from active study pool; author list/journal/volume/pages still require verification.,10.1016/j.arteri.2026.500945,Association between adherence to the Mediterranean diet and metabolic syndrome in workers at a multinational company in Madrid
Ayeltigah2026Healthcare,PENDING_FULL_BIBLIOGRAPHIC_CHECK,Title and identifier retained from active study pool; author list/journal/volume/pages still require verification.,10.1186/s41043-026-01344-4,"Work stress, dietary patterns, and physical activity on metabolic and hepatic biomarkers among healthcare professionals in Ghana"
Ayeltigah2026University,PENDING_FULL_BIBLIOGRAPHIC_CHECK,Title and identifier retained from active study pool; author list/journal/volume/pages still require verification.,10.1002/hsr2.72986,"Association Between Dietary Patterns, Work Stress, Physical Activity, and Cardiometabolic Markers Among University Workers in Ghana"
Ayeltigah2026Military,PENDING_FULL_BIBLIOGRAPHIC_CHECK,Title and identifier retained from active study pool; author list/journal/volume/pages still require verification.,10.1136/bmjopen-2025-109662,"Work stress, dietary patterns and metabolic syndrome among military personnel in Ghana: a cross-sectional study"
Earnest2015,PENDING_FULL_BIBLIOGRAPHIC_CHECK,Title and identifier retained from active study pool; author list/journal/volume/pages still require verification.,10.1089/met.2015.0075,Evaluation of a Voluntary Worksite Weight Loss Program on Metabolic Syndrome
Kim2016Dietary,PENDING_FULL_BIBLIOGRAPHIC_CHECK,Title and identifier retained from active study pool; author list/journal/volume/pages still require verification.,10.5720/kjcn.2016.21.3.237,Effect of a Worksite-based Dietary Intervention Program for the Management of Metabolic Syndrome
Ryu2017,PENDING_FULL_BIBLIOGRAPHIC_CHECK,Title and identifier retained from active study pool; author list/journal/volume/pages still require verification.,10.3390/ijerph14080878,Program Development and Effectiveness of Workplace Health Promotion Program for Preventing Metabolic Syndrome among Office Workers
So2025,VERIFIED_OR_PARTIALLY_VERIFIED,"Occup Med (Lond). 2025;75(8):502-509. Authors So R, Murai F, Komatsu M, Matsuda W, Matsuo T; PMID 40796105; DOI verified.",10.1093/occmed/kqaf079,Web-based high-intensity interval training with calorie restriction for workplace metabolic-syndrome
Bogale2025,VERIFIED_OR_PARTIALLY_VERIFIED,"Sci Rep. 2025;15:39266. Bogale SK, Sarma H, Gray D et al.; DOI verified.",10.1038/s41598-025-22962-8,"A healthy lifestyle education intervention for metabolic syndrome risk reduction among office workers in Ethiopia: a single-blind, randomised controlled trial"
Kim2015Internet,PENDING_FULL_BIBLIOGRAPHIC_CHECK,Title and identifier retained from active study pool; author list/journal/volume/pages still require verification.,10.1016/j.pec.2014.10.013,Effects of an internet-based lifestyle intervention on cardio-metabolic risks and stress in Korean workers with metabolic syndrome: a controlled trial
Choi2017,PENDING_FULL_BIBLIOGRAPHIC_CHECK,Title and identifier retained from active study pool; author list/journal/volume/pages still require verification.,10.1089/acm.2017.0057,"Effects of a T'ai Chi-Based Health Promotion Program on Metabolic Syndrome Markers, Health Behaviors, and Quality of Life in Middle-Aged Male Office Workers: A Randomized Trial"
Lin2017Taiwan,PENDING_FULL_BIBLIOGRAPHIC_CHECK,Title and identifier retained from active study pool; author list/journal/volume/pages still require verification.,PMID 29061986,"Relationships between occupational, leisure-time and commuting physical activity and metabolic syndrome among Taiwanese workers"
Tsai2018,PENDING_FULL_BIBLIOGRAPHIC_CHECK,Title and identifier retained from active study pool; author list/journal/volume/pages still require verification.,10.1080/10803548.2018.1438839,"Effectiveness of a physical activity program on weight, physical fitness, occupational stress, job satisfaction and quality of life of overweight employees in high-tech industries: a randomized controlled study"
Gerber2020,PENDING_FULL_BIBLIOGRAPHIC_CHECK,Title and identifier retained from active study pool; author list/journal/volume/pages still require verification.,PMID 32722703,Stress-buffering effects of physical activity and cardiorespiratory fitness on metabolic syndrome in police officers
RemotePA2024,PENDING_FULL_BIBLIOGRAPHIC_CHECK,Title and identifier retained from active study pool; author list/journal/volume/pages still require verification.,10.1016/j.anr.2024.01.006,Effects of a Remote Physical Activity Improvement Program on Male Office Workers with Metabolic Syndrome in Their 30s and 40s with Sedentary Behavior: A Randomized Controlled Trial
