first_author,year,title,workplace_population,exposure_domain,outcome_domain,decision,doi_or_id
Alavi,2015,"Metabolic syndrome: a common problem among office workers","Office workers","Lifestyle/occupational factors","Metabolic syndrome prevalence","Include candidate","10.15171/ijoem.2015.492"
Garbarino,2015,"Work stress and metabolic syndrome in police officers. A prospective study","Police officers","Work stress","Metabolic syndrome incidence/components","Include candidate","10.1371/journal.pone.0144318"
Kuwahara,2016,"Leisure-time exercise, physical activity during work and commuting, and risk of metabolic syndrome","Japanese workers","Physical activity","Incident metabolic syndrome","Include candidate","10.1007/s12020-016-0911-z"
Ko,2016,"The relationship between physical activity levels and metabolic syndrome in male white-collar workers","Male public-office workers","Physical activity","Metabolic syndrome/components","Include candidate","10.1589/jpts.28.3041"
SedentaryWorkers,2017,"Sedentary Occupation Workers Who Meet the Physical Activity Recommendations Have a Reduced Risk for Metabolic Syndrome","Sedentary occupation workers","Physical activity","Metabolic syndrome/components","Include candidate","PMID 28742767"
Yamaguchi,2018,"The association of work-related stressors and their changes over time with the development of metabolic syndrome: The Furukawa Nutrition and Health Study","Japanese manufacturing workers","Work-related stress","Incident metabolic syndrome","Include candidate","10.1539/joh.2017-0298-OA"
Haufe,2019,"Telemonitoring-supported exercise training, metabolic syndrome severity, and work ability in company employees: a randomised controlled trial","Volkswagen company employees","Exercise","Metabolic syndrome severity","Include candidate","10.1016/S2468-2667(19)30075-1"
Appiah,2020,"Prevalence and lifestyle-associated risk factors of metabolic syndrome among commercial motor vehicle drivers in a metropolitan city in Ghana","Commercial taxi drivers","Diet/lifestyle/physical inactivity","Metabolic syndrome","Include candidate","10.11604/pamj.2020.36.136.16861"
Aboma,2020,"Metabolic syndrome among working adults in eastern Ethiopia","Working adults","Lifestyle/diet/sedentary behaviour","Metabolic syndrome","Include candidate","10.2147/DMSO.S283270"
Jovanovic,2020,"The influence of specific aspects of occupational stress on security guards' health and work ability","Security guards","Occupational stress","Metabolic/cardiometabolic outcomes","Include candidate","10.2478/aiht-2020-71-3379"
vanZon,2020,"Occupational distribution of metabolic syndrome prevalence and incidence differs by sex and is not explained by age and health behavior","Dutch workers across occupational groups","Occupation/physical activity/diet","Metabolic syndrome prevalence/incidence","Include candidate","10.1136/bmjdrc-2020-001436"
vanZon,2021,"Metabolic syndrome incidence in an aging workforce: Occupational differences and the role of health behaviors","Older workers","Diet/physical activity/health behaviours","Incident metabolic syndrome","Include candidate","10.1016/j.ssmph.2021.100881"
Eftekhari,2021,"The association between job stress and metabolic syndrome among medical university staff","Medical university staff","Job stress","Metabolic syndrome/components","Include candidate","10.1007/s40200-021-00748-9"
Apprey,2022,"Dietary intake and prevalence of metabolic syndrome among tanker truck drivers in Ghana","Fuel tanker drivers","Dietary intake","Metabolic syndrome","Include candidate","10.1108/NFS-08-2021-0250"
Zhang,2024,"Correlation analysis between occupational stress and metabolic syndrome in workers of a petrochemical enterprise: based on two assessment models of occupational stress","Petrochemical workers","Occupational stress","Metabolic syndrome/components","Include candidate","10.1186/s12889-024-18305-3"
Sharifi,2025,"Association Between Adequacy and Moderation of Quality of Diet with Metabolic Syndrome Parameters Among Iranian Health Workers Based on the Baseline Data of Employees Health Cohort Study","Health workers","Diet quality","Metabolic syndrome parameters","Include candidate","10.34172/aim.33193"
Ma,2025,"Effectiveness of a canteen-based dietary intervention for metabolic syndrome in occupational men: A randomized controlled trial","Occupational men at oilfield canteens","Dietary intervention","Metabolic syndrome/components","Include candidate","10.6133/apjcn.202512_34(6).0006"
dosReis,2026,"Dietary pattern and night work: metabolic syndrome in healthcare workers","Healthcare workers","Night work/diet","Metabolic syndrome","Include candidate","10.20945/2359-4292-2026-0047"
Petek,2026,"Prevalence and Factors Associated with Metabolic Syndrome Among Heavy Industry Workers: A Cross-Sectional Study","Heavy-industry workers","Diet/nutritional status","Metabolic syndrome","Include candidate","10.1097/JOM.0000000000003775"
ReinosoBarbero,2026,"Association between adherence to the Mediterranean diet and metabolic syndrome in workers at a multinational company in Madrid","Multinational-company employees","Mediterranean diet","Metabolic syndrome/components","Include candidate","10.1016/j.arteri.2026.500945"
AyeltigahHealthcare,2026,"Work stress, dietary patterns, and physical activity on metabolic and hepatic biomarkers among healthcare professionals in Ghana","Healthcare professionals","Stress/diet/physical activity","Metabolic syndrome/components","Include candidate","10.1186/s41043-026-01344-4"
AyeltigahUniversity,2026,"Association Between Dietary Patterns, Work Stress, Physical Activity, and Cardiometabolic Markers Among University Workers in Ghana","University workers","Stress/diet/physical activity","Cardiometabolic markers","Include candidate","10.1002/hsr2.72986"
AyeltigahMilitary,2026,"Work stress, dietary patterns and metabolic syndrome among military personnel in Ghana: a cross-sectional study","Military personnel","Work stress/diet/physical activity","Metabolic syndrome/components","Include candidate","10.1136/bmjopen-2025-109662"
Earnest,2015,"Evaluation of a Voluntary Worksite Weight Loss Program on Metabolic Syndrome","Employees from 93 companies","Worksite behavioral weight-loss intervention","Metabolic syndrome prevalence/components","Include candidate","10.1089/met.2015.0075"
KimDietary,2016,"Effect of a Worksite-based Dietary Intervention Program for the Management of Metabolic Syndrome","Male white-collar employees","Dietary intervention and worksite food environment","Metabolic syndrome/components","Include candidate","10.5720/kjcn.2016.21.3.237"
Ryu,2017,"Program Development and Effectiveness of Workplace Health Promotion Program for Preventing Metabolic Syndrome among Office Workers","Office workers","Workplace health promotion: education/self-monitoring/diet/activity","Metabolic syndrome score/components","Include candidate","10.3390/ijerph14080878"
So,2025,"Web-based high-intensity interval training with calorie restriction for workplace metabolic-syndrome","Employees","HIIT plus calorie restriction","Metabolic syndrome/CRF/physical activity","Include candidate","10.1093/occmed/kqaf079"
Bogale,2025,"A healthy lifestyle education intervention for metabolic syndrome risk reduction among office workers in Ethiopia: a single-blind, randomised controlled trial","Bank employees/office workers","Lifestyle education: diet/physical activity/stress and other risk factors","Metabolic syndrome risk factors","Include candidate","10.1038/s41598-025-22962-8"
